id;name;price;producer_name;group_name;discount_id;quality
0;Помидоры сладкие Узбекистан;399руб;ОАО Мозаика;Ягоды;2;ГОСТ
1;Картофель мытый Азербайджан;84руб;24 попугая;Овощи;3;ТУ
2;Лук репчатый весовой;4руб;Вкус;Овощи;5;ГОСТ
3;Огурцы гладкие весовые Азербайджан;299руб;Вкус;Ягоды;1;СТО
4;Помидоры черри сливовидные, 250 г;168руб;Король Джунглей;Ягоды;3;ТУ
5;"Картофель ""Наша Ферма"", Россия";34руб;24 попугая;Овощи;3;ГОСТ
6;Огурцы Бакинские 250 г;176руб;ОАО Мозаика;Ягоды;4;ГОСТ
7;Капуста Брокколи Ливан;199руб;ОАО Мозаика;Овощи;3;ГОСТ
8;Огурцы мини Бакинские Азербайджан;379руб;Вкус;Ягоды;2;ТУ
9;Помидоры бакинские розовые, Азербайджан;249руб;Питерские крыши;Ягоды;2;СТО
10;"Морковь ""Наша Ферма"", средний вес в упаковке - 1 кг.";49руб;Питерские крыши;Овощи;4;СТО
11;Огурцы среднеплодные, 450 г;268руб;Питерские крыши;Ягоды;3;СТО
12;Картофель, Россия;3руб;Вкус;Овощи;5;СТО
13;Перец  красный Турция;29руб;ООО Зигмаг;Бакалея;4;ГОСТ
14;Картофель, «Просто Азбука», средний вес в упаковке - 1.2 кг.;69руб;ООО Зигмаг;Овощи;4;ГОСТ
15;Помидоры черри на ветке 450 г;228руб;ЛиттлБиг;Ягоды;5;СТО
16;Капуста белокочанная Россия;72руб;Питерские крыши;Овощи;1;ТУ
17;Помидоры розовые;199руб;24 попугая;Ягоды;2;СТО
18;Перец оранжевый;79руб;ООО Зигмаг;Бакалея;4;СТО
19;Свекла «Наша Ферма», средний вес в упаковке - 1 кг.;34руб;ООО Зигмаг;Овощи;3;СТО
20;Лук репчатый 500 г фасованный;68руб;Король Джунглей;Овощи;3;ТУ
21;Помидоры черри «Кумато», 250 г;198руб;Питерские крыши;Ягоды;3;ТУ
22;Лук Ялтинский молодой красный;31руб;Вкус;Овощи;1;ТУ
23;Лук-порей;45руб;Вкус;Овощи;2;ТУ
24;Перец мини сладкий, 150 г;98руб;24 попугая;Бакалея;5;ТУ
25;Редис, 500г;76руб;24 попугая;Овощи;1;СТО
26;Свекла мытая  1кг Россия;58руб;ЛиттлБиг;Овощи;2;ТУ
27;Лук репчатый «Наша Ферма», средний вес в упаковке - 1 кг.;9руб;ООО Зигмаг;Овощи;2;ТУ
28;Помидоры Черри крупные 250 г Россия;128руб;Вкус;Ягоды;4;ТУ
29;Помидоры сливовидные 600 гр;168руб;ЛиттлБиг;Ягоды;2;СТО
30;"Капуста для засола сорт ""Слава"" Россия";103руб;Король Джунглей;Овощи;3;ТУ
31;Свекла вареная очищенная, «Просто Азбука», 500 г;98руб;Питерские крыши;Овощи;2;ТУ
32;Овощная смесь «Летняя», Vитамин, 400 г, Россия;98руб;ОАО Мозаика;Овощи;3;ГОСТ
33;Картофель сладкий Батат Гондурас;113руб;Питерские крыши;Овощи;4;ГОСТ
34;Капуста цветная;328руб;ОАО Мозаика;Овощи;5;ГОСТ
35;Капуста резаная Белая Дача 250г;62руб;ОАО Мозаика;Овощи;5;ТУ
36;Картофель для жарки 3 кг Вегетория;198руб;Питерские крыши;Овощи;5;ТУ
37;Овощи капуста брокколи, «Просто Азбука», 400 г, Россия;119руб;Питерские крыши;Овощи;4;ТУ
38;Лук белый;16руб;Вкус;Овощи;4;СТО
39;Овощи-гриль с итальянскими травами, Vитамин, 400 г, Россия;156руб;24 попугая;Овощи;2;ТУ
40;Овощи фасоль зеленая стручковая, «Просто Азбука», 400 г, Россия;116руб;ОАО Мозаика;Овощи;2;ТУ
41;Морковные палочки Белая дача 100 г Россия;46руб;ООО Зигмаг;Овощи;3;ГОСТ
42;Салат Шпинат Белая дача 75 г  Россия;169руб;Питерские крыши;Салаты;3;СТО
43;Салат «айсберг»;229руб;Вкус;Салаты;1;ТУ
44;Салат Руккола Белая дача 65 г;169руб;ЛиттлБиг;Салаты;3;ТУ
45;Салат витаминный в горшочке АК Московский;104руб;ООО Зигмаг;Салаты;3;СТО
46;Салат Романо;205руб;Король Джунглей;Салаты;4;ТУ
47;Салат Айсберг Белая дача 180 г Россия;114руб;Питерские крыши;Салаты;5;СТО
48;Салат Руккола 125 г;248руб;24 попугая;Салаты;2;ГОСТ
49;Салатная смесь Аликанте(айсберг, радиччо,фрисе) Белая дача Белая Дача 130 г Белая дача;148руб;ООО Зигмаг;Салаты;2;ГОСТ
50;Базилик в горшочке АК Московский;61руб;Вкус;Бакалея;1;СТО
51;Шпинат молодой 125 г;168руб;Король Джунглей;Салаты;1;СТО
52;Салат Ассорти (Айсберг, капуста к/к, морковь) Белая Дача 180 г;108руб;Король Джунглей;Салаты;5;ТУ
53;Шпинат.;79руб;Питерские крыши;Салаты;4;СТО
54;Салатная смесь Еда (руккола+корн+мангольд) Белая Дача 65г;169руб;ОАО Мозаика;Салаты;3;СТО
55;Салат Романо в горшочке АК Московский;95руб;Вкус;Салаты;4;ГОСТ
56;Салатная смесь Вита Микс (Шпинат, Фриссе, свекла, морковь) 180 г Белая дача;196руб;ЛиттлБиг;Салаты;1;ТУ
57;Салатный микс номер 2 (Лолло-россо, Романо, Кейл, Шпинат) 65 гр Белая дача;140руб;Питерские крыши;Салаты;1;ГОСТ
58;Салатная смесь Тоскана (корн, романо, радичио, фриссе) Белая дача 200 г в пакете Россия;213руб;24 попугая;Салаты;1;ТУ
59;Салатная смесь Руккола+Радичио 125 г;258руб;ООО Зигмаг;Салаты;1;ТУ
60;Свекла вареная соломка, Белая Дача, 500 г;140руб;ООО Зигмаг;Салаты;4;ТУ
61;Салатная смесь Олимп (айсберг,радичио,лолло россо) 130 г Белая дача;127руб;ЛиттлБиг;Салаты;1;СТО
62;Петрушка, «Просто Азбука», 50 г;48руб;ООО Зигмаг;Бакалея;3;ТУ
63;Салат Корн 125 г;284руб;ЛиттлБиг;Салаты;3;СТО
64;Салат Романо Белая дача 150 г в пакете;132руб;ОАО Мозаика;Салаты;4;СТО
65;Салатная смесь Танго Микс Белая дача 65 г;169руб;Король Джунглей;Салаты;5;СТО
66;Моно Кейл Белая дача 65 гр Белая дача;192руб;Питерские крыши;Салаты;2;ТУ
67;Салат Блюз Саланова Эксклюзив зеленый АК Московский в горшочке;95руб;24 попугая;Салаты;4;ТУ
68;Салатная смесь Весенний Микс (Айсберг, красный редис, морковь) 180 г Белая дача;124руб;24 попугая;Салаты;1;ТУ
69;Салатная смесь Гёрлс Микс (Мицуна+Мангольд) 65 г Белая дача;169руб;Король Джунглей;Салаты;3;ГОСТ
70;Салат Фриссе Белая дача 100 г;108руб;ЛиттлБиг;Салаты;2;ТУ
71;"Салатная смесь ""Корн и Радиккио"", 125 г";298руб;Король Джунглей;Салаты;5;СТО
72;Лук жареный 150г Нидерланды;198руб;Питерские крыши;Салаты;1;ТУ
73;"Салатный микс "" Mens микс power"" (Айсберг, Кейл, Мангольд) 65 г Белая дача";182руб;ЛиттлБиг;Салаты;3;СТО
74;Салатный микс (Айсберг, Кейл, Радиччо) 100 гр Белая дача;140руб;Питерские крыши;Салаты;2;ГОСТ
75;Лук зеленый, «Просто Азбука», 100 г;58руб;ЛиттлБиг;Бакалея;1;ГОСТ
76;Салатная смесь Месклан 125 г;298руб;ООО Зигмаг;Салаты;1;ТУ
77;Салат Монпелье (Лолло Россо, Фриссе, Романо) Белая Дача 100 г;148руб;Питерские крыши;Салаты;5;ГОСТ
78;Салатная смесь Baby Mix (шпинат + горчичный лист + мангольд), Белая дача, 65 г;169руб;ЛиттлБиг;Салаты;3;ТУ
79;Лук-резанец, «Просто Азбука», 30г;98руб;24 попугая;Бакалея;3;СТО
80;Розмарин, «Просто Азбука», 30 г;98руб;ЛиттлБиг;Бакалея;2;СТО
81;Тимьян, «Просто Азбука», 30 г;98руб;ОАО Мозаика;Бакалея;5;ТУ
82;Щавель, «Просто Азбука», 100 г;98руб;24 попугая;Салаты;3;ТУ
83;Эстрагон (тархун) 30гр Просто Азбука Израиль;78руб;Вкус;Бакалея;5;СТО
84;Клубника свежая, 250 г;178руб;Питерские крыши;Ягоды;2;ГОСТ
85;Смородина 125 г;248руб;ООО Зигмаг;Ягоды;4;ГОСТ
86;Голубика, 125 г;196руб;ЛиттлБиг;Ягоды;5;СТО
87;Ягодный микс (малина+голубика) 500 г;998руб;Питерские крыши;Ягоды;4;СТО
88;Клубника Vитамин 300 г Россия;85руб;Питерские крыши;Ягоды;3;СТО
89;Голубика, «Просто Азбука», 300 г;398руб;ООО Зигмаг;Ягоды;1;ГОСТ
90;Черешня красная Чили;1 245руб;Король Джунглей;Ягоды;2;ГОСТ
91;Ежевика, 125 г;318руб;ЛиттлБиг;Ягоды;1;ГОСТ
92;Малина, Selection, 125 г;598руб;ОАО Мозаика;Ягоды;1;ТУ
93;Малина Green 300г Россия;331руб;Король Джунглей;Ягоды;4;ТУ
94;Ягодный микс (клубника+голубика) 500 г;790руб;ООО Зигмаг;Ягоды;2;ТУ
95;Лед NICE ICE для напитков из очищенной питьевой воды 1000г пакет Россия;148руб;ЛиттлБиг;Ягоды;2;СТО
96;Смесь Смузи Vитамин клубника-ананас 300г Россия;120руб;ОАО Мозаика;Ягоды;1;ГОСТ
97;Голубика Selection, 125 г;418руб;Питерские крыши;Ягоды;2;ГОСТ
98;Голубика, 125 г Artfruit;318руб;Вкус;Ягоды;5;ТУ
99;Смесь для смузи VegDiet Будь в форме фруктово-овощная (персик, манго, шпинат, вишня) 400г Россия;355руб;Вкус;Ягоды;2;ГОСТ
100;"Малина Hortex в тёмном шоколаде ООО ""Ортика Фрозен Фудс"" 100 гр коробка Россия";168руб;Вкус;Ягоды;5;ТУ
101;Смесь для смузи VegDiet Детокс фруктово-овощная (киви, сельдерей, яблоко, рябина) 400г Россия;345руб;Питерские крыши;Ягоды;1;ТУ
102;Вишня без косточки, «Просто Азбука», 300 г, Россия;168руб;ЛиттлБиг;Ягоды;3;ГОСТ
103;"Клубника ""Сердце"" 340г";398руб;ООО Зигмаг;Ягоды;5;ТУ
104;"Клубника Hortex в тёмном шоколаде ООО ""Ортика Фрозен Фудс"" 100гр коробка Россия";168руб;ЛиттлБиг;Ягоды;2;СТО
105;Ягода Асаи мякоть AmaVida Амазон Микс 400г Бразилия;1 220руб;ЛиттлБиг;Ягоды;4;ГОСТ
106;Клубника, «Просто Азбука», 300 г, Россия;119руб;24 попугая;Ягоды;5;СТО
107;Ягодный микс (голубика,физалис,малина) 300 г;598руб;Питерские крыши;Ягоды;5;СТО
108;Клубника  с кремом 300 г;598руб;Король Джунглей;Ягоды;1;СТО
109;Клубника свежая Палестина 250 г;790руб;Вкус;Ягоды;5;СТО
110;Облепиха, «Просто Азбука», 350 г, Россия;168руб;Вкус;Ягоды;2;ТУ
111;Черная смородина, «Просто Азбука», 300 г, Россия;110руб;ОАО Мозаика;Ягоды;4;ГОСТ
112;Клюква, «Просто Азбука», 300 г, Россия;171руб;ООО Зигмаг;Ягоды;5;ГОСТ
113;Малина, «Просто Азбука», 350 г, Россия;248руб;24 попугая;Ягоды;3;ГОСТ
114;Ежевика, Selection, 125 г;598руб;24 попугая;Ягоды;2;СТО
115;Клюква дикорастущая, «Просто Азбука», 350 г, Россия;319руб;ООО Зигмаг;Ягоды;1;ГОСТ
116;Красная cмородина, Selection, 125 г;398руб;Король Джунглей;Ягоды;3;ТУ
117;Черника, «Просто Азбука», 350 г, Россия;247руб;Питерские крыши;Ягоды;4;ГОСТ
118;Голубика, «Просто Азбука», 350 г, Россия;242руб;Питерские крыши;Ягоды;1;ГОСТ
119;Земляника, «Просто Азбука», 350 г, Россия;998руб;24 попугая;Ягоды;3;ГОСТ
120;Клюква 225 г  Наша Ферма;398руб;Король Джунглей;Фрукты;1;ТУ
121;Яблоки сезонные весовые Россия;49руб;ЛиттлБиг;Фрукты;3;ТУ
122;Ежевика, «Просто Азбука», 350 г, Россия;171руб;ООО Зигмаг;Ягоды;3;ТУ
123;Апельсины STAR SOUTH FRUITS (PTY)LTD весовые Турция;69руб;24 попугая;Фрукты;4;СТО
124;Груши Конференс Южно-Африканская Республика;129руб;Вкус;Фрукты;5;ТУ
125;Мандарины с листом;138руб;Король Джунглей;Фрукты;2;ТУ
126;Яблоки Антоновка Россия;79руб;ООО Зигмаг;Фрукты;2;ГОСТ
127;Грейпфруты;64руб;Питерские крыши;Фрукты;3;СТО
128;Бананы, «Просто Азбука», Эквадор;110руб;ОАО Мозаика;Ягоды;5;ТУ
129;Авокадо весовое Израиль;149руб;24 попугая;Фрукты;2;ГОСТ
130;Мандарины Болло отборные;395руб;Король Джунглей;Фрукты;3;ТУ
131;Яблоки Гранни Смит;82руб;ОАО Мозаика;Фрукты;5;СТО
132;Яблоки Ред Делишес премиум;149руб;24 попугая;Фрукты;1;ГОСТ
133;Авокадо Artfruit;198руб;Вкус;Фрукты;3;ГОСТ
134;Лимоны Узбекистан;270руб;Вкус;Фрукты;2;ГОСТ
135;Виноград ред глоб Турция;174руб;Вкус;Ягоды;2;ТУ
136;Мандарины в сетке, «Просто Азбука», средний вес в упаковке 2 кг;276руб;Вкус;Фрукты;5;ГОСТ
137;Яблоки Голден премиум;199руб;ЛиттлБиг;Фрукты;2;ГОСТ
138;Мандарины с листом 700 г в бересте Танзания;198руб;Вкус;Фрукты;2;ГОСТ
139;Киви;26руб;24 попугая;Фрукты;4;СТО
140;Апельсины Мадмуазель Южно-Африканская  Республика;164руб;Король Джунглей;Фрукты;1;ТУ
141;Яблоки Голден, весовые;74руб;ЛиттлБиг;Фрукты;2;ГОСТ
142;Гранаты;134руб;ЛиттлБиг;Фрукты;4;ТУ
143;"Груши ""Аббат"" Аргентина";82руб;Питерские крыши;Фрукты;3;СТО
144;Виноград красный б/к Ливан;199руб;Король Джунглей;Ягоды;2;ГОСТ
145;Яблоки Наша Ферма Россия;84руб;24 попугая;Фрукты;5;ТУ
146;Мандарины БОЛЛО в сетке;528руб;ОАО Мозаика;Фрукты;3;ТУ
147;Яблоки Розовая Леди премиум;124руб;24 попугая;Фрукты;5;ТУ
148;Виноград белый без косточек, 300 г в стакане;98руб;Король Джунглей;Ягоды;2;ГОСТ
149;Авокадо Хаас Премиум 1 уп.;548руб;ООО Зигмаг;Фрукты;2;ТУ
150;Мандарины ОРРИ Израиль;149руб;24 попугая;Фрукты;3;ТУ
151;Ананас «Голд»;325руб;ОАО Мозаика;Фрукты;4;СТО
152;Банан, «Просто Азбука»;39руб;Вкус;Ягоды;3;СТО
153;Авокадо Хаас 700 гр в упаковке;498руб;Король Джунглей;Фрукты;5;ГОСТ
154;Яблоки Амброзия;120руб;Король Джунглей;Фрукты;3;СТО
155;Лайм Мексика;199руб;Питерские крыши;Фрукты;4;ГОСТ
156;Арбуз красный Таиланд;1 644руб;ЛиттлБиг;Ягоды;5;ТУ
157;Помело красное;257руб;ЛиттлБиг;Фрукты;5;СТО
158;Манго 1шт Таиланд;398руб;ООО Зигмаг;Фрукты;1;ГОСТ
159;Фруктовый микс «Ананас, клубника, киви», «Уже Готово», 300 г, Россия;499руб;ОАО Мозаика;Фрукты;3;ТУ
160;Ананас резаный «Уже Готово» 300 г Россия;384руб;ЛиттлБиг;Фрукты;5;ТУ
161;Манго, собрано спелым, Artfruit;428руб;Питерские крыши;Фрукты;2;ГОСТ
162;Мандарины в мешочке;556руб;Король Джунглей;Фрукты;3;ГОСТ
163;Грибы Вешенки;119руб;24 попугая;Грибы;1;ТУ
164;Фруктовый микс «Ананас, манго, папайя», «Уже Готово», 300 г, Россия;598руб;Питерские крыши;Фрукты;1;СТО
165;Грибы Vитамин шампиньоны резаные 400г Россия;160руб;Питерские крыши;Грибы;3;ГОСТ
166;Грибы сушеные белые отборные, «Термер», 50 г, Россия;390руб;ОАО Мозаика;Грибы;2;ТУ
167;Грибное ассорти 4 сезона, 400 гр Россия;187руб;ОАО Мозаика;Грибы;1;СТО
168;Грибы Шампиньоны резаные 250 гр;168руб;Питерские крыши;Грибы;3;СТО
169;Грибы сушеные белые Таежные 45 г пакет Кедровый бор Россия;329руб;ООО Зигмаг;Грибы;3;СТО
170;Грибы Шиитаки 200 гр Россия;580руб;Питерские крыши;Грибы;3;ТУ
171;Суп грибной 4 сезона 400 гр Россия;90руб;24 попугая;Грибы;1;ГОСТ
172;Грибы сушеные белые «Таежные», «Кедровый бор», 95 г, Россия;899руб;ЛиттлБиг;Грибы;4;ТУ
173;Грибы шампиньоны, «Просто Азбука», 400 г, Россия;198руб;24 попугая;Грибы;5;ГОСТ
174;Грибы шампиньоны королевские, «Просто Азбука», 400 г;248руб;ЛиттлБиг;Грибы;4;ТУ
175;Грибы подосиновики, «Просто Азбука», 350 г;249руб;Питерские крыши;Грибы;2;ГОСТ
176;Грибы Просто Азбука лисички 300г Россия;325руб;ОАО Мозаика;Грибы;3;ГОСТ
178;Грибы сушеные белые таежные, «Кедровый бор», 70 г, Россия;899руб;ЛиттлБиг;Грибы;3;ТУ
179;Азу из телятины охлажденное, «Лучезар», Россия;133руб;24 попугая;Мясо и рыба;3;ТУ
180;Фарш из мякоти говядины и свинины, «Просто Азбука», 500 г, Россия;355руб;Вкус;Мясо и рыба;5;ГОСТ
181;"Шейка свиная без кости охлажденная Агро-Белогорье ООО ""МРЗ Агро-Белогорье"" Россия";51руб;ОАО Мозаика;Мясо и рыба;5;ТУ
182;Телятина духовая (тазобедренная часть) охлажденная, «Лучезар», Россия;132руб;ОАО Мозаика;Мясо и рыба;2;СТО
183;Вырезка из телятины охлажденная, «Лучезар», Россия;199руб;ЛиттлБиг;Мясо и рыба;4;ТУ
184;Ребра телячьи фермерские, «Лучезар» Россия;73руб;Питерские крыши;Мясо и рыба;3;ГОСТ
185;"Карбонад из свинины охлажденный Агро-Белогорье ООО ""МРЗ Агро-Белогорье"" в/у Россия";52руб;24 попугая;Мясо и рыба;3;ТУ
186;Котлета натуральная из ягненка фермерская, «Лучезар» Россия;166руб;24 попугая;Мясо и рыба;4;СТО
187;Стейк Филе-миньон из южноамериканской говядины охлажденный Австралийский ТД  400 г лоток;2 183руб;Вкус;Мясо и рыба;4;ГОСТ
188;Голяшка из телятины на кости фермерская, «Лучезар» Россия;698руб;Король Джунглей;Мясо и рыба;5;ГОСТ
189;Корейка из телятины «Лучезар», Россия;166руб;Король Джунглей;Мясо и рыба;4;ГОСТ
190;Окорок из молочной телятины без кости, «Лучезар», Россия;169руб;24 попугая;Мясо и рыба;2;ГОСТ
191;Стейк Дэнвер из говядины зернового откорма Праймбиф  400г Россия;998руб;Вкус;Мясо и рыба;5;СТО
192;"Мякоть бедра из мраморной говядины Праймбиф ООО ""Заречное"" 700г Россия";794руб;24 попугая;Мясо и рыба;1;СТО
193;Вырезка из говяжьей лопатки ОРГАНИК-АГРО   лоток Россия;199руб;ЛиттлБиг;Мясо и рыба;2;ГОСТ
194;Стейк Филе-миньон из мраморной говядины  Мираторг 380 г Россия;3 985руб;Король Джунглей;Мясо и рыба;5;ТУ
195;Яблоко из тазобедренной части молочного теленка Радичи Россия;215руб;ОАО Мозаика;Фрукты;4;ГОСТ
196;Печень говяжья охлажденная, «Лучезар», Россия;39руб;ООО Зигмаг;Бакалея;4;ТУ
197;Язык говяжий охлажденный «Лучезар», Россия;1 020руб;24 попугая;Мясо и рыба;2;ГОСТ
198;Фарш говяжий охлажденный BLACK ANGUS - Мираторг 400 г лоток Россия;219руб;Вкус;Мясо и рыба;2;ГОСТ
199;Голяшка говяжья без кости ОРГАНИК-АГРО   Россия;129руб;Питерские крыши;Мясо и рыба;1;ТУ
200;Гуляш из молочной телятины  Радичи;549руб;Вкус;Мясо и рыба;1;ТУ
201;Реберный отруб на кости свиной охлажденный Агро-Белогорье Россия;53руб;ООО Зигмаг;Мясо и рыба;1;ГОСТ
202;Рибай (толстый филей) говяжий б/к Мираторг в/у,средний вес 1000г Россия;83руб;ЛиттлБиг;Мясо и рыба;5;ТУ
203;Покромка PRIME говяжья  Россия;1 639руб;Король Джунглей;Мясо и рыба;1;СТО
204;Вырезка из телятины фермерская Русский Мрамор Россия;368руб;Король Джунглей;Мясо и рыба;2;СТО
205;Голяшка говяжья без кости Мираторг BLACK ANGUS в/у Россия;539руб;ООО Зигмаг;Мясо и рыба;1;СТО
206;Эскалоп свиной охлажденный Дальние Дали ООО 600г лоток Россия;398руб;Вкус;Мясо и рыба;4;ГОСТ
207;Стейк Пиканья из говядины зернового откорма Праймбиф  400г Россия;835руб;Вкус;Мясо и рыба;1;ТУ
208;"Голяшка Оссобуко из мраморной говядины Праймбиф ООО"" Заречное"" TF Россия";718руб;Питерские крыши;Мясо и рыба;3;СТО
209;"Грудинка говяжья без кости ""Брискет"" ОРГАНИК-АГРО  Россия";78руб;ОАО Мозаика;Мясо и рыба;3;СТО
210;"Фарш из телятины Мираторг ОАО ""БМК"" 400г Россия";298руб;ООО Зигмаг;Мясо и рыба;1;СТО
211;Стейк свиной из шейки охлажденный Дальние Дали Агро-Белогорье 700 гр лоток Россия;439руб;ОАО Мозаика;Мясо и рыба;5;ТУ
212;"Стейк ""Минутка"" из мраморной говядины Праймбиф  400 г  Россия";498руб;ООО Зигмаг;Мясо и рыба;2;ТУ
213;Мякоть из говядины тазобедренной части ОРГАНИК-АГРО Наша Ферма Россия;199руб;Вкус;Мясо и рыба;1;ГОСТ
214;Мякоть из молочной телятины Радичи ООО Радичи в/у Россия;965руб;Питерские крыши;Мясо и рыба;2;ГОСТ
215;"Филейный край говяжий Мираторг ОАО ""БМК"" в/у Россия";830руб;ОАО Мозаика;Мясо и рыба;2;СТО
216;Шейка свиная б/к охлажденная в/у  Россия;39руб;ООО Зигмаг;Мясо и рыба;1;ТУ
217;Стейк Рибай из мраморной говядины Мираторг  320 гр Россия;1 176руб;24 попугая;Мясо и рыба;3;ТУ
218;Голяшка говяжья на кости ОРГАНИК-АГРО   Россия;479руб;Вкус;Мясо и рыба;5;ГОСТ
219;Мякоть шеи из говядины Заречное 700г Россия;483руб;ООО Зигмаг;Мясо и рыба;4;ТУ
220;Фарш из фермерской телятины Русский Мрамор Россия 400 гр;298руб;24 попугая;Мясо и рыба;1;СТО
221;Филe цыпленка охлажденное, «Птицефабрика Калужская», Россия;33руб;Король Джунглей;Мясо и рыба;1;ГОСТ
222;Филе из грудки индейки Пава-Пава Тамбовская Индейка 600гр Россия;398руб;Питерские крыши;Мясо и рыба;2;СТО
223;"Стейк из филе грудки индейки охлажденный Пава-Пава ООО ""Тамбовская индейка"" Россия";51руб;24 попугая;Мясо и рыба;3;СТО
224;Медальон из филе цыпленка Петелинка Черкизово 450г Россия;172руб;Король Джунглей;Мясо и рыба;2;ТУ
225;Филе цыпленка охлажденное Петелино Домашняя курочка Россия;318руб;Вкус;Мясо и рыба;5;ТУ
226;Филе грудки индейки, «Разуменская индейка», в/у, Россия;49руб;Король Джунглей;Мясо и рыба;1;СТО
227;Цыпленок-бройлер охлажденный, средний вес тушки 1,5-1,6 кг  Петелино Россия;18руб;Вкус;Мясо и рыба;4;ТУ
228;Голень цыплёнка-бройлера на кости 900г Троекурово лоток;178руб;ЛиттлБиг;Мясо и рыба;4;ГОСТ
229;Стейк из филе бедра индейки охлажденный Дюк-Индюк Россия;380руб;Питерские крыши;Мясо и рыба;3;ТУ
230;Грудка цыпленка без кожи охлажденная Петелино Домашняя курочка Россия;234руб;Вкус;Мясо и рыба;4;СТО
231;Утка охлажденная , вес тушки 1500г-2000г Россия;56руб;Король Джунглей;Мясо и рыба;3;ГОСТ
232;Филе цыплёнка-бройлера без кости 900г Рококо лоток;359руб;Вкус;Мясо и рыба;2;ГОСТ
233;Голень цыпленка охлажденная Россия;23руб;24 попугая;Мясо и рыба;3;СТО
234;Филе цыпленка Петелинка Черкизово 450г Россия;156руб;Вкус;Мясо и рыба;2;ТУ
235;Филе грудки индейки малое халяль, «Краснобор», Россия;478руб;24 попугая;Мясо и рыба;3;ГОСТ
236;Филe бедра цыпленка Домашняя курочка Петелино Россия;368руб;Питерские крыши;Мясо и рыба;3;ГОСТ
237;Бедро цыпленка охлажденное  Россия;19руб;ЛиттлБиг;Мясо и рыба;1;ТУ
238;Цыпленок корнишон кукурузный свежемороженый  Россия;393руб;Король Джунглей;Мясо и рыба;4;ТУ
239;Стейк бедра индейки Пава-Пава Черкизово 600г Россия;385руб;Король Джунглей;Мясо и рыба;2;СТО
240;Ножки перепелов охлажденные Qegg ОАО  500г Россия;429руб;Питерские крыши;Мясо и рыба;1;ГОСТ
241;Фарш из мяса курицы, «Просто Азбука», 500 г, Россия;258руб;Вкус;Мясо и рыба;3;СТО
242;"Сердце цыплят-бройлеров Петелинка ЗАО ""Петелинская птицефабрика"" 500г лоток Россия";182руб;ОАО Мозаика;Мясо и рыба;4;СТО
243;Медальоны из индейки Пава-Пава Тамбовская Индейка 600гр Россия;290руб;24 попугая;Мясо и рыба;2;СТО
244;Крыло цыплёнка-бройлера 900г Рококо лоток;198руб;ООО Зигмаг;Мясо и рыба;4;ТУ
245;Филe бедра цыпленка охлажденное Рококо   750г лоток Россия;290руб;24 попугая;Мясо и рыба;3;СТО
246;"Фарш из филе грудки индейки охлажденный Пава-Пава ООО ""Тамбовская индейка"" Россия";49руб;Вкус;Мясо и рыба;3;СТО
247;"Филе грудки индейки ""Индилайт"", 700 г";279руб;Король Джунглей;Мясо и рыба;1;СТО
248;Эскалоп из индейки Пава-Пава, 600 гр, Россия;345руб;Король Джунглей;Мясо и рыба;5;ТУ
249;"Фарш куриный ""Превосходный"" Рококо 900 гр лоток Россия";239руб;24 попугая;Мясо и рыба;1;СТО
250;Куры фермерские охлажденные Наша Ферма Карпов КФХ Россия;837руб;24 попугая;Мясо и рыба;1;СТО
251;Котлета натуральная из индейки халяль, «Краснобор», Россия;418руб;Король Джунглей;Мясо и рыба;5;ТУ
252;Крылышко цыпленка (плечевая часть) охлажденное, «Домашняя курочка», Россия;194руб;Король Джунглей;Мясо и рыба;2;СТО
253;Филе цыпленка охлажденное подложка Петелинка подложка Россия;269руб;24 попугая;Мясо и рыба;4;ТУ
254;Филе бедра индейки охлажденное  Россия;1 437руб;ООО Зигмаг;Мясо и рыба;2;ТУ
255;"Котлета натуральная охлажденная ""Индилайт"", 700 гр";280руб;ООО Зигмаг;Мясо и рыба;1;ТУ
256;Медальон грудки индейки халяль, «Краснобор», Россия;494руб;Вкус;Мясо и рыба;4;ГОСТ
257;Крыло цыпленка целое охлажденное Петелинка подложка Россия;184руб;Король Джунглей;Мясо и рыба;4;ГОСТ
258;Азу индейки Пава-Пава Черкизово 600г Россия;385руб;ООО Зигмаг;Мясо и рыба;1;ТУ
259;Крылья куриные табака охлажденные, «Почти готово», 700 г, Россия;368руб;24 попугая;Мясо и рыба;4;СТО
260;Филе цыпленка охлажденное, «Просто Азбука», Россия;411руб;ЛиттлБиг;Мясо и рыба;4;СТО
261;Бедро цыплёнка-бройлера с кожей Особое охлажденное Троекурово  900 гр  Россия;189руб;ООО Зигмаг;Мясо и рыба;5;ГОСТ
262;Печень индейки охлажденная Дюк-Индюк лоток Россия;307руб;Питерские крыши;Мясо и рыба;2;ТУ
263;Лосось охлажденный филе на коже, Фарерские острова;271руб;Вкус;Мясо и рыба;4;ГОСТ
264;"Семга охлажденная филе от ""Азбуки Вкуса""";159руб;Король Джунглей;Мясо и рыба;2;ТУ
265;Сибас (морской волк), «Северная компания», 400/600, Средиземное море;502руб;24 попугая;Мясо и рыба;3;ТУ
266;Тунец охлажденный филе, Индонезия;199руб;ЛиттлБиг;Мясо и рыба;2;СТО
267;Треска лойн, Agama, 400 г, Россия;522руб;Вкус;Мясо и рыба;3;СТО
268;Дорада (морской карась), 400/600, Средиземное море;414руб;ОАО Мозаика;Мясо и рыба;4;СТО
269;"Семга охлажденная медальон от ""Азбуки Вкуса""";459руб;ОАО Мозаика;Мясо и рыба;3;ТУ
270;Форель охлажденная филе н/к Северная Компания Чили;189руб;ОАО Мозаика;Мясо и рыба;4;ТУ
271;Семга охлажденная стейк, Россия;518руб;ОАО Мозаика;Мясо и рыба;4;ГОСТ
272;Дорада (морской карась) 200/300  Средиземное море;152руб;Король Джунглей;Мясо и рыба;1;ГОСТ
273;"Семга охлажденная стейк от ""Азбуки Вкуса""";646руб;ОАО Мозаика;Мясо и рыба;5;СТО
274;Треска охлажденная филе, «Ла Маре», Россия;99руб;ООО Зигмаг;Мясо и рыба;4;СТО
275;Семга охлажденная филе на коже, Россия;159руб;24 попугая;Мясо и рыба;5;СТО
276;Семга Agama филе-кусок без кожи с/м 375 г Россия;1 469руб;24 попугая;Мясо и рыба;3;ГОСТ
277;"Лойн пикши Borealis без кожи и костей с/м ООО РК ""ПОЛЯРНОЕ МОРЕ+"" 400г Россия";498руб;24 попугая;Мясо и рыба;3;СТО
278;Дорада (морской карась), 600/800, Средиземное море;687руб;Питерские крыши;Мясо и рыба;3;ТУ
279;Сибас (морской волк) филе (на коже), Средиземное море;186руб;ОАО Мозаика;Мясо и рыба;1;СТО
280;Семга охлажденная медальон, Россия;566руб;Вкус;Мясо и рыба;4;СТО
281;Сибас (морской волк) 200/300 Средиземное море;101руб;Вкус;Мясо и рыба;4;ТУ
282;Форель охлажденная стейк Фишерис Чили;439руб;Вкус;Мясо и рыба;1;ГОСТ
283;Палтус Borealis синекорый стейк с/м 400г Россия;614руб;ЛиттлБиг;Мясо и рыба;4;СТО
284;Дорада (морской карась) филе на коже, Средиземное море;179руб;ЛиттлБиг;Мясо и рыба;4;ГОСТ
285;Палтус филе, Agama, 400 г, Россия;998руб;Король Джунглей;Мясо и рыба;4;СТО
286;Тунец филе, Agama, 400 г, Россия;950руб;ООО Зигмаг;Мясо и рыба;1;ТУ
287;"Барабулька черноморская охлажденная Крым ООО ""Ла Маре"" Россия";89руб;ОАО Мозаика;Мясо и рыба;3;ГОСТ
288;Осетр охлажденный филе Россия;398руб;ЛиттлБиг;Мясо и рыба;2;СТО
289;Кижуч охлажденный филе Россия;2 384руб;Вкус;Мясо и рыба;4;ГОСТ
290;Сибас (морской волк) 600/800 Средиземное море;737руб;ОАО Мозаика;Мясо и рыба;4;ГОСТ
291;Ледяная рыба охлажденная 250+ Фишерис;792руб;ООО Зигмаг;Мясо и рыба;5;СТО
292;Тилапия филе с/м, Agama, 400 г, Россия;356руб;Король Джунглей;Мясо и рыба;1;СТО
293;Палтус охлажденный филе без кожи, Атлантический океан;2 199руб;24 попугая;Мясо и рыба;4;ТУ
294;Треска Бухта Изобилия филе б/к 400 г в/у Россия;358руб;ООО Зигмаг;Мясо и рыба;3;ТУ
295;Семга стейк с/м, Agama, 400 г, Россия;798руб;Питерские крыши;Мясо и рыба;5;ТУ
296;"Минтай Borealis филе без кожи с/м 1/10 ООО РК ""ПОЛЯРНОЕ МОРЕ+"" 650г Россия";517руб;ООО Зигмаг;Мясо и рыба;4;ТУ
297;"Скумбрия охлажденная Атлантический океан ООО ""Ла Маре""";155руб;ОАО Мозаика;Мясо и рыба;1;СТО
298;Корюшка Азиатская зубастая икряная 25+ Ла Маре ООО Россия;58руб;Питерские крыши;Мясо и рыба;5;ТУ
299;Тилапия Bondelamar с/м филе 1кг Россия;596руб;ЛиттлБиг;Мясо и рыба;4;СТО
300;Треска мурманская Бухта Изобилия порционная 700г Россия;587руб;Вкус;Мясо и рыба;3;ТУ
301;Треска черная охлажденная филе б/к Тихий океан Фишерис;896руб;Питерские крыши;Мясо и рыба;1;СТО
302;Белуга охлажденная стейк ТК Олимп ООО Россия;4 980руб;ООО Зигмаг;Мясо и рыба;1;СТО
303;Кижуч охлажденный стейк Россия;1 116руб;ОАО Мозаика;Мясо и рыба;5;ГОСТ
304;Молочное Parmalat ультрапастеризованное 3.5% 1 л Россия;89руб;Король Джунглей;Молочное;5;ГОСТ
305;Форель ручьевая Гегаркуни (Севанская) охлажденная 300/400  ООО Армения;850руб;Король Джунглей;Мясо и рыба;4;ТУ
306;Молочное питьевое пастеризованное Братья Чебурашкины 3.6-4.6% цельное 1000г Россия;138руб;Питерские крыши;Молочное;2;ГОСТ
307;Молочное пастеризованное 3.2–4%, «Правильное Молочное», 2 л, Россия;183руб;Питерские крыши;Молочное;5;СТО
308;Молочное пастеризованное Рузское 3,2-4% 1000г Россия;139руб;ОАО Мозаика;Молочное;4;ТУ
309;Молочное пастеризованное «Просто Азбука» 3,4-6% 1л Россия;97руб;ООО Зигмаг;Молочное;5;СТО
310;Молочное ультрапастеризованное Parmalat 1,8% низколактозное 1л Россия;96руб;ООО Зигмаг;Молочное;2;СТО
311;Молочное пастеризованное 2.5%, «Просто Азбука», 1 л, Россия;94руб;24 попугая;Молочное;2;СТО
312;Молочное пастеризованное Шестаково Утренней дойки 3,4-6% отборное 1л Россия;128руб;ООО Зигмаг;Молочное;4;ГОСТ
313;Молочное ультрапастеризованное 1.5%, Valio, 1 л, Россия;102руб;24 попугая;Молочное;2;ГОСТ
314;Молочное Parmalat ультрапастеризованное 1.8% 1 л Россия;85руб;Король Джунглей;Молочное;4;СТО
315;Молочное ультрапастеризованное Valio EILA 1,5% безлактозное 1л Финляндия;197руб;ОАО Мозаика;Молочное;2;СТО
316;Молочное пастеризованное 2.5%, «Рузское», 1 000 г, Россия;134руб;24 попугая;Молочное;2;СТО
317;Сливки ультрапастеризованные Простоквашино 20% 350г Россия;144руб;Вкус;Молочное;1;СТО
318;Сливки стерилизованные 11%, Parmalat, 200 г, Россия;52руб;ЛиттлБиг;Молочное;2;ГОСТ
319;Сливки стерилизованные Домик в деревне 10% 480г Россия;103руб;Король Джунглей;Молочное;4;СТО
320;"Молочное ультрапастеризованное  безлактозное ""Valio EILA"", 1,5%, 1 л";187руб;Питерские крыши;Молочное;3;ТУ
321;Молочное питьевое пастеризованное Асеньевская ферма 2,5% 900мл Россия;81руб;Король Джунглей;Молочное;2;ТУ
322;Молочное пастеризованное «Отборное» ненормализованное, «Простоквашино», 0.93 л, Россия;87руб;Вкус;Молочное;1;ГОСТ
323;Молочное пастеризованное Братья Чебурашкины 3,6-4,6% безлактозное 500г Россия;87руб;Король Джунглей;Молочное;2;ГОСТ
324;Молочное ультрапастеризованное низколактозное 1.8%, Parmalat, 200 мл, Россия;36руб;24 попугая;Молочное;3;ГОСТ
325;Сливки ультрапастеризованные для кофе 10%, Valio, 250 мл, Россия;81руб;Вкус;Молочное;4;СТО
326;Сливки стерилизованные 20%, Valio, 250 мл, Россия;115руб;Вкус;Молочное;3;СТО
327;Сливки порционные Campina 10% ООО Кампина 10х10г Россия;48руб;ЛиттлБиг;Молочное;4;ГОСТ
328;"Сливки пастеризованные ""Рузские"" 10% 250г";81руб;Король Джунглей;Молочное;1;СТО
329;Молочное Parmalat ультрапастеризованное Диета Лат 0,5% 1 л Россия;89руб;24 попугая;Молочное;2;ГОСТ
330;Молочное ультрапастеризованное безлактозное, Valio EILA, 3%,1 л;192руб;ЛиттлБиг;Молочное;1;ТУ
331;Сливки стерилизованные Простоквашино 10% 350г Россия;95руб;24 попугая;Молочное;2;ТУ
332;Сливки Parmalat ультрапастеризованные 23% 500г Россия;170руб;24 попугая;Молочное;5;ТУ
333;Молочное пастеризованное Из Вологды Вологжанка 3,2% 1л Россия;50руб;Питерские крыши;Молочное;1;СТО
334;Молочное стерилизованное безлактозное 1.5%, Latter, 1000 мл, Россия;98руб;Вкус;Молочное;1;СТО
335;Молочное ультрапастеризованное Домик в деревне 2,5% 0,95л Россия;87руб;Вкус;Молочное;2;СТО
336;Молочное стерилизованное 3.2%, «Можайское», 0.45 л, Россия;86руб;Питерские крыши;Молочное;5;СТО
337;Молочное ультрапастеризованное Valio безлактозное 1,5% с витамином D 250мл Финляндия;67руб;24 попугая;Молочное;4;ГОСТ
338;"Молочное ультрапастеризованное Простоквашино 2,5% АО ""Данон Россия"" 950г Россия";89руб;ООО Зигмаг;Молочное;4;ГОСТ
339;Сливочный продукт для взбивания 35% Пармалат 200г Россия;116руб;Вкус;Молочное;3;ГОСТ
340;Сливки стерилизованные Домик в деревне 20% 480г Россия;184руб;Вкус;Молочное;2;ТУ
341;Молочное из Вологды цельное 3,4-4% отборное 1л Россия;59руб;ОАО Мозаика;Молочное;4;СТО
342;Молочное ультрапастеризованное Parmalat 3,5% низколактозное 1л Россия;103руб;24 попугая;Молочное;1;ТУ
343;Молочное пастеризованное Углече Поле Отборное 3,6-5,2% 1 л Россия;154руб;Король Джунглей;Молочное;4;ТУ
344;Сливки стерилизованные 20%, «Домик в деревне», 200 г, Россия;89руб;ООО Зигмаг;Молочное;1;СТО
345;"Молочное пастеризованное БИО 3,2-4,6%, ""Эко-ферма ""Рябинки"" 1 л Россия";250руб;Король Джунглей;Молочное;5;ТУ
346;Молочное пастеризованное Молочная культура 1,5% 1.8л Россия;208руб;ЛиттлБиг;Молочное;1;СТО
347;Сыр из коровьего молока чеддер 50% , Mifroma, Швейцария;142руб;ОАО Мозаика;Молочное;4;ГОСТ
348;"Сыр полутвердый Великославич ""Рецепт №3"" Классик Мускат 140г нарезка Россия";174руб;Король Джунглей;Молочное;3;ГОСТ
349;Сыр Oltermanni сливочный из коровьего молока 45%, 130г (нарезка);161руб;Питерские крыши;Молочное;4;ТУ
350;Сыр из коровьего молока Грюйер 45% MARGOT FROMAGES Швейцария;229руб;ООО Зигмаг;Молочное;5;ГОСТ
351;Сыр творожный Almette 60% натуральный Hochland 150г Россия;106руб;Питерские крыши;Молочное;3;ГОСТ
352;Сыр из коровьего молока гауда, Moncasa Gourmet, Уругвай;251руб;Вкус;Молочное;1;СТО
353;Сыр из коровьего молока маасдам, Moncasa Gourmet, Уругвай;148руб;ООО Зигмаг;Молочное;4;ГОСТ
354;"Сыр полутвердый Великославич ""Рецепт №5"" Выдержанный  200г кусок Россия";215руб;ООО Зигмаг;Молочное;4;СТО
355;Сыр из коровьего молока «Российский» 50%, «Киприно», Россия;69руб;ООО Зигмаг;Молочное;5;ТУ
356;Сыр из коровьего молока «Российский Император» 50%, «Сернурский», Россия;88руб;ОАО Мозаика;Молочное;1;ГОСТ
357;Сыр из коровьего молока «Пармезано» 41%, CALCAR, Уругвай;185руб;ОАО Мозаика;Молочное;3;ГОСТ
358;Сыр Mozzarella 45% Galbani 125 г Россия;142руб;Питерские крыши;Молочное;5;ГОСТ
359;Сыр из коровьего молока ГрандБлю 56% Milkana Сыроварня Санта Роса СА Аргентина;133руб;Вкус;Молочное;2;ТУ
360;Сыр плавленый колбасный копченый 45%, «Просто Азбука», 150 г, Россия;202руб;ООО Зигмаг;Молочное;1;ТУ
361;Сыр Swisstaler облегченный 20% Margot Fromages;211руб;ОАО Мозаика;Молочное;2;ТУ
362;Сыр из коровьего молока тильзитер зеленый 45%, Margot Fromages, Швейцария;469руб;Вкус;Молочное;5;ГОСТ
363;Сыр Сваля Тильзитер 45%  Россия;84руб;Вкус;Молочное;2;ТУ
364;Сыр творожный Almette 60% с зеленью Hochland 150г Россия;106руб;ОАО Мозаика;Молочное;2;ГОСТ
365;Сыр Gruyere 49%, Margot Fromages, 200 г, Швейцария;698руб;24 попугая;Молочное;3;ГОСТ
366;Сыр из коровьего молока Швейцарский из Швейцарии 46% TM HEIDI Mifroma SA Швейцария;142руб;ЛиттлБиг;Молочное;1;ГОСТ
367;Сыр рассольный Сербская Брынза 45% Mlekara Sabac 250г Республика Сербия;169руб;24 попугая;Молочное;5;ГОСТ
368;Сыр из коровьего молока Chef Saveu облегченный 20% Margot Fromages  Швейцария;312руб;Король Джунглей;Молочное;5;ГОСТ
369;Сыр из коровьего молока «Швейцарские Альпы» в травах 45%, Margot Fromages, Швейцария;524руб;ОАО Мозаика;Молочное;1;ТУ
370;Сыр Чеддер 50% Lustenberger 200г Швейцария;341руб;24 попугая;Молочное;1;ТУ
371;Сыр сливочный легкий 30% Arla Natura 150г нарезка Россия;182руб;Король Джунглей;Молочное;2;СТО
372;Сыр из коровьего молока Арла сливочный 45% Natura 400г Россия;345руб;ОАО Мозаика;Молочное;5;СТО
373;Сыр Тильзитер 45% Сваля 200г Россия;208руб;Король Джунглей;Молочное;3;СТО
374;Сыр Mozzarella 45% mini Galbani 150г Россия;186руб;Вкус;Молочное;1;ГОСТ
375;Сыр мягкий камамбер, «Наша Ферма», Россия;321руб;ООО Зигмаг;Молочное;3;ГОСТ
376;Сыр «Легкий» 15%, «Тысяча Озер», 125 г, Россия;129руб;Вкус;Молочное;5;ГОСТ
377;Сыр Emmental из коровьего молока 45% Margot Fromages Швейцария;259руб;24 попугая;Молочное;4;ГОСТ
378;Сыр из коровьего молока Принс д Огоз 55% Margot Fromages Швейцария;399руб;Вкус;Молочное;5;ГОСТ
379;Сыр пармезан тертый  38%, Cheese Gallery, гранулы, 100 г, Россия;187руб;Питерские крыши;Молочное;4;ТУ
380;Сыр Ламбер 50% Вимм-Билль-Данн 230г Россия;238руб;ООО Зигмаг;Молочное;4;ТУ
381;Сыр с голубой плесенью BLUE 54% Schonfeld Аргентина;174руб;ООО Зигмаг;Молочное;3;ТУ
382;Сыр Tilsiter 45% Просто Азбука ПиР-ПАК 150г нарезка;168руб;Король Джунглей;Молочное;2;СТО
383;"Сыр полутвердый Великославич ""Рецепт №5"" Выдержанный АО ""Белебеевский молочный комбинат"" 140г нарезка Россия";174руб;ООО Зигмаг;Молочное;1;ГОСТ
384;Сыр сулугуни 45%, «Предгорье Кавказа», 300 г, Россия;332руб;ЛиттлБиг;Молочное;2;СТО
385;Сыр из коровьего молока гойя 40%, La Paulina, Аргентина;123руб;Вкус;Молочное;5;СТО
386;Сыр из коровьего молока «Бельфор» 45%, «Белебеевский», Россия;123руб;ОАО Мозаика;Молочное;5;ТУ
387;Сыр Адыгейский 45% Умалат 370г Россия;306руб;Вкус;Молочное;1;ГОСТ
388;Яйцо куриное С0 белое, «Просто Азбука», 10 шт. Россия;95руб;Король Джунглей;Бакалея;4;ГОСТ
389;Сыр из коровьего молока Gruyere 49% пещерной выдержки 12 мес. Margot Fromages Швейцария;372руб;Вкус;Молочное;4;ГОСТ
390;Яйцо куриное Село Зеленое С0 элитное 6шт. Россия;83руб;ЛиттлБиг;Бакалея;2;ТУ
391;Яйцо перепелиное, «Наша Ферма», 20 шт. Россия;98руб;ЛиттлБиг;Бакалея;3;ГОСТ
392;Яйцо куриное С2, «Окское», 10 шт. Россия;71руб;ОАО Мозаика;Бакалея;1;СТО
393;"Яйцо куриное Наша Ферма Домашнее 10шт. ООО ""Касимовская ферма"" Россия";221руб;ЛиттлБиг;Бакалея;1;СТО
394;Яйцо куриное Просто Азбука С0 8 шт. Птицефабрика Вараксино Россия;97руб;ОАО Мозаика;Бакалея;4;ТУ
395;Яйцо куриное Село Зеленое Деревенское С0 10шт. Россия;133руб;Король Джунглей;Бакалея;2;СТО
396;Яйцо перепелиное Qegg Углич для детского питания 20шт. пластик Россия;82руб;ЛиттлБиг;Бакалея;2;СТО
397;"Яйцо куриное столовое С1 10 шт ЗАО ""ПТИЦЕФАБРИКА ВАРАКСИНО"" Россия";78руб;ОАО Мозаика;Бакалея;1;ТУ
398;Яйцо куриное Домашнее 6шт. Россия;141руб;ОАО Мозаика;Бакалея;5;СТО
399;Яйцо куриное С0, «Просто Азбука», 10 шт. Россия;135руб;ОАО Мозаика;Бакалея;1;СТО
400;Яйцо куриное Село Зеленое С1 10шт. Россия;98руб;Вкус;Бакалея;3;СТО
401;Яйцо куриное Праксики С1 6шт . Россия;70руб;Король Джунглей;Бакалея;4;ГОСТ
402;Яйцо куриное Окское С2 30шт. Россия;205руб;Питерские крыши;Бакалея;4;ГОСТ
403;Яйцо куриное С1, «Просто Азбука», 10 шт. Россия;125руб;ОАО Мозаика;Бакалея;2;СТО
404;Яйцо куриное столовое С2, «Просто Азбука», 10 шт. Россия;71руб;Питерские крыши;Бакалея;3;ГОСТ
405;Мороженое Коровка из Кореновки пломбир в вафельном стаканчике 100 г Россия;64руб;ОАО Мозаика;Деликатесы;5;ТУ
406;Мороженое шоколадное, Moevenpick, 900 мл, Швейцария;1 015руб;Вкус;Деликатесы;5;СТО
407;Мороженое-эскимо Haagen Dazs пломбир манго и малина Haagen Dasz 70г Франция;119руб;Питерские крыши;Деликатесы;2;ТУ
408;Мороженое «Пломбир в вафельном стаканчике», «Вологодское», 100 г, Россия;59руб;ОАО Мозаика;Деликатесы;3;ГОСТ
409;Японское мороженое Bubbies MOCHI Ассорти 283г США;1 345руб;Вкус;Деликатесы;1;ГОСТ
410;"Мороженое Баскин Роббинс ""Пралине"" 1 л Россия";540руб;24 попугая;Деликатесы;4;ТУ
411;Мороженое белковое «Клубника», О12, 70 г, Россия;189руб;Вкус;Деликатесы;4;СТО
412;"Мороженое Mars ""Сникерс"" мультипак 303 г Франция";431руб;Питерские крыши;Деликатесы;5;ТУ
413;Мороженое «Эскимо» пломбир ванильный в молочном шоколаде, «Просто Азбука», 80 г;64руб;ОАО Мозаика;Деликатесы;2;СТО
414;Щербет плодово-ягодный, «Айс-Фили», 80 г, Россия;38руб;ОАО Мозаика;Деликатесы;4;СТО
415;"Мороженое Вологодское пломбир шоколадный в вафельном стаканчике ООО ""Вологодское Мороженое"" 100 г Россия";62руб;Король Джунглей;Деликатесы;3;ГОСТ
416;Мороженое «Пломбир с вафлями», «Чистая линия», 80 г, Россия;87руб;Король Джунглей;Деликатесы;2;ТУ
417;Мороженое белковое «Фисташка», О12, 70 г, Россия;189руб;ОАО Мозаика;Деликатесы;3;ТУ
418;Мороженое-смузи PALETA Индийское манго Россия;138руб;24 попугая;Деликатесы;3;СТО
419;Мороженое-лед Nestle Бон Пари Ураган со взрывной карамелью 54 мл Россия;52руб;Король Джунглей;Деликатесы;2;ТУ
420;Мороженое-эскимо «Филевское» в шоколадной глазури, «Айс-Фили», 80 г, Россия;59руб;Питерские крыши;Деликатесы;1;ГОСТ
421;"Мороженое Mars ""Баунти"" мультипак 275 г Франция";431руб;ОАО Мозаика;Деликатесы;5;СТО
422;Мороженое пломбир ванильный в вафельном стаканчике, «Просто Азбука», 70 г;64руб;24 попугая;Деликатесы;5;СТО
423;Мороженое О12 белковое маракуйя-манго Молочное Фудс 70 г Россия;189руб;ООО Зигмаг;Деликатесы;5;СТО
424;Мороженое-смузи PALETA Малина и садовая мята Россия;138руб;ЛиттлБиг;Деликатесы;3;ГОСТ
425;"Мороженое-рожок Вологодское пломбир ООО ""Вологодское Мороженое"" 130 г Россия";74руб;ОАО Мозаика;Деликатесы;5;СТО
426;"Мороженое Баскин Роббинс ""Печенье со сливками"" 1 л Россия";540руб;24 попугая;Деликатесы;5;ТУ
427;Мороженое-эскимо Haagen Dazs пломбир ванильный с орехами макадамия в молочном шоколаде 70г Франция;119руб;ООО Зигмаг;Деликатесы;3;ГОСТ
428;Мороженое Айс-Фили Лакомка сливочное 80г;51руб;Вкус;Деликатесы;1;ТУ
429;Мороженое Коровка из Кореновки пломбир шоколадный в вафельном стаканчике 100 г Россия;65руб;ОАО Мозаика;Деликатесы;2;ТУ
430;Мороженое «Пломбир со сливками Грюйер, безе и карамельным соусом», Movenpick, 810 мл, Швейцария;1 015руб;ООО Зигмаг;Деликатесы;3;ТУ
431;Мороженое пломбир ванильный в вафлях, «Просто Азбука», 80 г;56руб;24 попугая;Деликатесы;5;ГОСТ
432;Мороженое Пломбир Вологодское брикет в шоколадных вафлях 90г Россия;69руб;ЛиттлБиг;Деликатесы;2;ГОСТ
433;Мороженое Haagen Dasz бельгийский шоколад 500 мл Франция;639руб;Питерские крыши;Деликатесы;2;ГОСТ
434;Мороженое Biscotto, Sammontana, 100 г;236руб;ЛиттлБиг;Деликатесы;3;СТО
435;"Сорбет AMORE ""Экзотическая Маракуйя"" 300 мл Россия";275руб;Король Джунглей;Деликатесы;5;ГОСТ
436;Мороженое ванильное, Moevenpick, 900 мл, Швейцария;1 015руб;ООО Зигмаг;Деликатесы;1;СТО
437;"Мороженое-брикет Вологодское пломбир ООО ""Вологодское Мороженое"" 250 г Россия";124руб;Вкус;Деликатесы;4;СТО
438;Фруктовый лёд COCON Yogo Ice Ассорти для заморозки 10х45мл Малайзия;289руб;Король Джунглей;Фрукты;5;ТУ
439;Мороженое-эскимо Haagen Dazs пломбир соленая карамель в шоколаде Haagen Dasz 70г Франция;119руб;ОАО Мозаика;Деликатесы;3;СТО
440;Мороженое «Эскимо» пломбир ванильный в молочном шоколаде с фундуком, «Просто Азбука», 80 г;64руб;Король Джунглей;Деликатесы;3;ГОСТ
441;"Мороженое Баскин Роббинс ""Миндально-фисташковое"" 1 л Россия";540руб;ЛиттлБиг;Деликатесы;1;ГОСТ
442;Мороженое-эскимо Экzo Пина-колада  70 г Россия;69руб;Питерские крыши;Деликатесы;3;ГОСТ
443;Мороженое О12 белковое с ароматом кокоса  70г Россия;189руб;Вкус;Деликатесы;1;СТО
444;Мороженое «Российское» ванильное в молочном шоколаде, «Чистая линия», 80 г, Россия;93руб;24 попугая;Деликатесы;3;ГОСТ
445;Сорбет AMORE Черная Смородина 290г Россия;345руб;Король Джунглей;Деликатесы;1;ГОСТ
446;Мороженое Коровка из Кореновки пломбир эскимо в шоколадной глазури на палочке 70 г Россия;69руб;Вкус;Деликатесы;2;ГОСТ
447;Хлопья Nordic Экспресс овсяные 500 г Финляндия;130руб;ООО Зигмаг;Зерновые;5;ТУ
448;Каша овсяная без глютена, NATURE'S PATH, 510 г, США;587руб;Питерские крыши;Зерновые;1;ТУ
449;Кукурузные палочки Кузя Лакомкин сладкие 85г Россия;31руб;ОАО Мозаика;Зерновые;3;ТУ
450;Хлопья Русский продукт овсяные Геркулес 500г Россия;56руб;ОАО Мозаика;Зерновые;2;СТО
451;Хлопья овсяные «Джамбо» крупные, Mornflake, 500 г, Великобритания;235руб;ООО Зигмаг;Зерновые;2;ТУ
452;Хлопья VILA NATURA овсяные Органик, 500 г Словения;305руб;ООО Зигмаг;Зерновые;4;ГОСТ
453;Хлопья «Корн Флейкс» кукурузные, Kellogg's, 500 г, Франция;698руб;Питерские крыши;Зерновые;1;ГОСТ
454;Хлопья овсяные, «Экстра», 1 кг, Россия;140руб;24 попугая;Зерновые;1;СТО
455;Хлопья овсяные «Геркулес», «Просто Азбука», 600 г, Россия;155руб;Вкус;Зерновые;5;ГОСТ
456;Каша Быстров овсяная с витаминами ассорти 240 г 6 пакетиков Россия;176руб;ОАО Мозаика;Зерновые;2;СТО
457;Хлопья овсяные крупные быстрого приготовления, Mornflake, 500 г, пакет, Великобритания;235руб;Питерские крыши;Зерновые;1;ГОСТ
458;Мюсли Les Jardins Biologiques БИО без сахара LES JARDIN BIOLOGIQUES 375 г Франция;420руб;24 попугая;Зерновые;5;СТО
459;Хлопья овсяные 4LIFE Органик 400 г;137руб;Король Джунглей;Зерновые;3;СТО
460;Мюсли запечённые NATURE'S PATH Love с темным шоколадом и кокосовой стружкой, 325 г зип-пакет США;575руб;ООО Зигмаг;Зерновые;4;ГОСТ
461;Хлопья GaiaGrain гречневые (без глютена) Nakskov Mill Foods A/S 375 г Дания;354руб;Вкус;Зерновые;4;ТУ
462;Хлопья Nordic гречневые 550 г Россия;135руб;ОАО Мозаика;Зерновые;5;СТО
463;Хлопья Mornflake овсяные Органик, 750 г, коробка Великобритания;558руб;ОАО Мозаика;Зерновые;4;ГОСТ
464;Хлопья гречневые быстрого приготовления, «Просто Азбука», 400 г, Россия;144руб;Король Джунглей;Зерновые;1;ТУ
465;Хлопья овсяные «Органик» без глютена, Rosies, 450 г, Нидерланды;540руб;Вкус;Зерновые;1;СТО
466;Мюсли Nature's Finest с абрикосом,инжиром, макой и семенами чиа NUTRISSLIM D.O.O. 350 г Словения;365руб;Король Джунглей;Зерновые;3;СТО
467;Хлопья GaiaGrain кукурузные (без глютена) Nakskov Mill Foods A/S 500 г Дания;365руб;ОАО Мозаика;Зерновые;5;ГОСТ
468;Хлопья Nordic 4-х зерновые 600 г Финляндия;151руб;ОАО Мозаика;Зерновые;2;ТУ
469;Хлопья запечённые Mornflake овсяные с орехом пекан и кленовым сиропом MORNING FOODS LIMITED 500 г Великобритания;285руб;Король Джунглей;Зерновые;5;СТО
470;Кукурузные палочки Царевна полей без сахара (без глютена) 65г Россия;49руб;Король Джунглей;Зерновые;4;СТО
471;Мюсли запечённые Просто Азбука с бананом и шоколадом 250 г Россия;139руб;ОАО Мозаика;Зерновые;4;ГОСТ
472;Хлопья Nordic Органик овсяные 600 г Финляндия;167руб;Король Джунглей;Зерновые;2;ГОСТ
473;Хлопья Nestle Фитнес из цельной пшеницы с фруктами 300 г Россия;209руб;Вкус;Зерновые;1;ТУ
474;Мюсли «5 фруктов, орехи и семечки», зип-пакет, Mornflake, 750 г, Великобритания;611руб;ЛиттлБиг;Зерновые;3;СТО
475;Гранола Grain ягодное изобилие 450г Великобритания;420руб;ЛиттлБиг;Зерновые;1;ТУ
476;Гречневые палочки Царевна полей без сахара (без глютена) 55г Россия;49руб;Король Джунглей;Зерновые;4;ГОСТ
477;Мюсли «50% клюквы, вишни и миндаля», Dorset Cereals, 325 г, Великобритания;426руб;Вкус;Зерновые;4;СТО
478;Хлопья Nestle Фитнес из цельной пшеницы с темным шоколадом 275 г Россия;209руб;24 попугая;Зерновые;5;ТУ
479;Каша Myllyn Paras овсяная 1 мин 500 г Финляндия;92руб;24 попугая;Зерновые;4;ГОСТ
480;Хлопья запечённые Mornflake овсяные с клубникой MORNING FOODS LIMITED 500 г Великобритания;370руб;24 попугая;Зерновые;2;СТО
481;Сухари Просто Азбука из Белевской пастилы с черникой 55 г Россия;120руб;ЛиттлБиг;Бакалея;2;ТУ
482;Каша SEMIX мультизерновая без глютена, 65г Чешская республика;68руб;Питерские крыши;Зерновые;4;ТУ
483;Семена Чиа UFEELGOOD 200г крафт Болгария;549руб;Вкус;Бакалея;1;ГОСТ
484;Мюсли с горьким шоколадом и семенами льна, Jardin BIO, 375 г, Франция;483руб;Вкус;Зерновые;5;СТО
485;Готовый завтрак Nesquik DUO с темным и белым шоколадом, Nestle, 375 г, Россия;209руб;ЛиттлБиг;Зерновые;5;СТО
486;Мука пшеничная Макфа высший сорт 1 кг Россия;49руб;ОАО Мозаика;Зерновые;2;ТУ
487;Разрыхлитель для теста, Dr.Oetker, 10 г, Россия;8руб;Питерские крыши;Бакалея;5;СТО
488;Мука Francine пшеничная высший сорт 1 кг банка Франция;487руб;ОАО Мозаика;Зерновые;3;СТО
489;Сода пищевая 500 г коробка Россия;34руб;Король Джунглей;Бакалея;4;СТО
490;Сахарный песок Просто Азбука тростниковый коричневый светлый ООО Русагро-Сахар 1 кг Россия;215руб;ООО Зигмаг;Бакалея;4;СТО
491;Сахар рафинад Чайкофский 1 кг коробка Россия;93руб;Вкус;Бакалея;4;СТО
492;Соль морская 4LIFE мелкая йодированная 500 г солонка Италия;98руб;Питерские крыши;Бакалея;1;ТУ
493;Мука Nordic пшеничная 2 кг Финляндия;299руб;24 попугая;Зерновые;4;ГОСТ
494;Заменитель сахара натуральный «Сироп агавы светлый», Naturel, 330 г, Мексика;499руб;Питерские крыши;Бакалея;3;ТУ
495;Кислота лимонная пищевая, Dr.Oetker, 8 г, Россия;12руб;ОАО Мозаика;Бакалея;1;ТУ
496;Сахар Мистраль Демерара коричневый нерафинированный, 1 кг Россия;262руб;Вкус;Бакалея;3;ГОСТ
497;Мука пшеничная высший сорт, «Просто Азбука», 1 кг, Россия;75руб;ЛиттлБиг;Зерновые;3;ГОСТ
498;Соль Йодированная Экстра поваренная пищевая 500 г Россия;50руб;24 попугая;Бакалея;4;ТУ
499;Дрожжи сухие Саф-момент быстродействующие 11 г Россия;16руб;Питерские крыши;Бакалея;3;ГОСТ
500;Мука Гарнец рисовая цельнозерновая без глютена 500г Россия;98руб;ООО Зигмаг;Зерновые;4;ТУ
501;Мука пшеничная Просто Азбука высший сорт 2 кг Россия;125руб;Вкус;Зерновые;2;ТУ
502;Сахар коричневый кусковой, «Мистраль», 500 г, Россия;251руб;ООО Зигмаг;Бакалея;4;СТО
503;Мука пшеничная высший сорт мельчайшего помола, Sistem U, 1 кг, Франция;199руб;Вкус;Зерновые;4;ТУ
504;Соль помол №1 Илецкая 1 кг картон Россия;18руб;Вкус;Бакалея;4;СТО
505;Дрожжи сухие Dr.Oetker 7 г Россия;18руб;Король Джунглей;Бакалея;5;СТО
506;Дрожжи свежие Саф-Нева Экстра прессованные 100 г Россия;16руб;ООО Зигмаг;Бакалея;5;СТО
507;Сахарный песок Чайкофский 900г пакет Россия;73руб;ОАО Мозаика;Бакалея;1;ГОСТ
508;Кислота лимонная Русский продукт 80г Россия;31руб;24 попугая;Бакалея;4;ГОСТ
509;Мука пшеничная «Римачината» из твердых сортов пшеницы, ANTICO MOLINO KAPUTO, 1 кг, Италия;315руб;ОАО Мозаика;Зерновые;1;СТО
510;Соль морская 4LIFE крупная йодированная 1 кг Италия;92руб;24 попугая;Бакалея;5;ТУ
511;Заменитель сахара со стевией (в пакетиках), Fit Parad, 60x1 г, Россия;149руб;ЛиттлБиг;Бакалея;3;СТО
512;Сахар рафинад Русский 1 кг коробка Россия;69руб;Вкус;Бакалея;5;ТУ
513;Сок Sicilia лимона 115 мл Швейцария;69руб;ЛиттлБиг;Бакалея;1;СТО
514;Соль мелкая, «Просто Азбука», 500 г, Россия;75руб;ОАО Мозаика;Бакалея;5;ГОСТ
515;Сахар ванильный, Dr.Oetker, 8 г, Россия;6руб;ЛиттлБиг;Бакалея;1;ГОСТ
516;Соль морская Setra пищевая мелкая йодированная 500 г Республика Сербия;58руб;Питерские крыши;Бакалея;1;СТО
517;Мука пшеничная For Good People хлебопекарная высший сорт 1 кг банка Россия;193руб;ЛиттлБиг;Зерновые;2;ГОСТ
518;Сахар рафинад Чайкофский 500 г коробка Россия;49руб;Питерские крыши;Бакалея;4;ГОСТ
519;Заменитель сахара натуральный Sunny Bio сироп агавы 250 г Франция;615руб;Питерские крыши;Бакалея;3;ТУ
520;Мука VILA NATURA из цельнозерновой пшеницы Органик 800 г Словения;231руб;24 попугая;Зерновые;3;СТО
521;Сухари панировочные, «Волшебное дерево», 300 г, Россия;143руб;ООО Зигмаг;Бакалея;1;ТУ
522;Сахар Мистраль Десертный тростниковый нерафинированный 900г Россия;254руб;Вкус;Бакалея;1;СТО
523;Заменитель сахара натуральный 365 detox Sweets сироп топинамбура 290мл Россия;368руб;Вкус;Бакалея;1;ТУ
524;Соль 4LIFE Гималайская розовая мелкая 500 г картон Пакистан;67руб;ОАО Мозаика;Бакалея;1;СТО
525;Сахарный песок Аксиома 900г прозрачный пакет Россия;54руб;Питерские крыши;Бакалея;3;ГОСТ
526;Сахарная пудра Dr.Oetker со вкусом ванили 80 г Россия;49руб;ЛиттлБиг;Бакалея;5;СТО
527;Зерновые гречневая Мистраль Ядрица 900 г пакет Россия;72руб;ООО Зигмаг;Зерновые;4;ТУ
528;Мука миндальная Trawa 500г Россия;728руб;Питерские крыши;Зерновые;5;ГОСТ
529;Зерновые гречневая Просто Азбука ядрица 900 г пакет Россия;63руб;ЛиттлБиг;Зерновые;3;СТО
530;"Макаронные изделия Barilla ""Спагетти"" №5 500г";87руб;Питерские крыши;Бакалея;2;ТУ
531;Зерновые гречневая, «Просто Азбука», 5х100 г, в пакетиках, Россия;98руб;Питерские крыши;Зерновые;3;СТО
532;Зерновые пшено Агро-Альянс 900г Россия;79руб;Питерские крыши;Зерновые;3;ГОСТ
533;Макаронные изделия Dalla Costa №10 Wellness Life Style Фузилли из кукурузной муки (без глютена) 250 г Италия;251руб;Питерские крыши;Бакалея;1;СТО
534;"Рис Мистраль ""Жасмин"" 500 г пакет Россия";124руб;ЛиттлБиг;Зерновые;5;ТУ
535;Макаронные изделия феттучине, «Просто Азбука», 500 г, Италия;235руб;Вкус;Бакалея;1;СТО
536;Рис басмати, «Просто Азбука», 5х100 г, в пакетиках, Россия;127руб;Вкус;Зерновые;2;СТО
537;Макаронные изделия Maltagliati Спагетти 500 г Италия;86руб;ООО Зигмаг;Бакалея;3;ГОСТ
538;"Макаронные изделия Barilla ""Фарфалле"" №65 500г";97руб;Питерские крыши;Бакалея;3;ГОСТ
539;Чечевица красная, «Мистраль», 450 г, Россия;152руб;24 попугая;Бакалея;2;ТУ
540;Рис кубанский круглозерный, «Просто Азбука», 900 г, пакет, Россия;98руб;ЛиттлБиг;Зерновые;2;СТО
541;Зерновые гречневая ядрица, «Алтайская сказка», 800 г, Россия;85руб;ООО Зигмаг;Зерновые;2;ТУ
542;Зерновые пшено Ярмарка 250г 4 пакетика Россия;37руб;ОАО Мозаика;Зерновые;5;СТО
543;Рис жасмин, «Просто Азбука», 5х100 г, в пакетиках, Россия;146руб;24 попугая;Зерновые;2;СТО
544;Макаронные изделия Maltagliati №038 Рожки 500 г Россия;86руб;ЛиттлБиг;Бакалея;4;ТУ
545;Макаронные изделия «Казаречче» БИО, Pasta Toscana, 500 г, Италия;189руб;Питерские крыши;Бакалея;5;СТО
546;Макаронные изделия Dalla Costa Disney Микки Маус Лумакине БИО 300 г пакет Италия;243руб;Питерские крыши;Хлеб;4;ТУ
547;Макаронные изделия La Molisana Спагетти мультизлаковые (рис,кукуруза,киноа) без глютена 400 г Италия;324руб;Король Джунглей;Бакалея;4;ТУ
548;Макаронные изделия «Вермишель», Sistem U, 500 г, Франция;146руб;ООО Зигмаг;Бакалея;4;ГОСТ
549;Рис Riso Scotti Басмати 4х100 г в пакетиках Италия;233руб;ЛиттлБиг;Зерновые;5;ГОСТ
550;Макаронные изделия Luciana Mosconi Филини яичные 250 г пакет Италия;312руб;ООО Зигмаг;Бакалея;5;ТУ
551;Рис басмати Elonga длиннозерный, DUNAR, 1 кг, Индия;537руб;Король Джунглей;Зерновые;3;СТО
552;Зерновые манная Мистраль 800 г Россия;61руб;ООО Зигмаг;Зерновые;1;ГОСТ
553;"Рис Жасмин ""Просто Азбука"", 900 г";174руб;ООО Зигмаг;Зерновые;5;ТУ
554;Макаронные изделия Barilla Пенне ригати 500г Италия;87руб;Король Джунглей;Бакалея;3;СТО
555;Зерновые киноа трехцветная, Pedon, 500 г, Италия;779руб;Король Джунглей;Зерновые;1;ТУ
556;Зерновые Мистраль Киноа 500г пакет Россия;339руб;24 попугая;Зерновые;2;СТО
557;Зерновые манная Panzani Семолина 500 г Франция;323руб;ООО Зигмаг;Зерновые;3;ТУ
558;Горох Мистраль желтый колотый Айдахо 500 г пакет Россия;89руб;Король Джунглей;Зерновые;2;ТУ
559;Рис басмати, «Просто Азбука», 900 г, Россия;190руб;Вкус;Зерновые;5;СТО
560;"Макаронные изделия Barilla ""Пипе Ригате"" №91 500г";87руб;Вкус;Бакалея;5;ТУ
561;Зерновые гречневая VILA NATURA ядрица БИО 500 г Словения;527руб;ООО Зигмаг;Зерновые;3;ГОСТ
562;Зерновые манная премиум «Семолина», «Мистраль», 450 г, Россия;112руб;Питерские крыши;Зерновые;2;ГОСТ
563;Макаронные изделия Grand Mere Ракушки яичные 250 г Франция;194руб;ЛиттлБиг;Бакалея;2;СТО
564;Макаронные изделия Просто Азбука Каннеллони 250г Италия;185руб;Питерские крыши;Бакалея;4;ГОСТ
565;Рис Просто Азбука для плова 900 г пакет Россия;98руб;Питерские крыши;Зерновые;2;ГОСТ
566;"Макаронные изделия 3 Glocken ""Вермишель"" 500г";218руб;Вкус;Бакалея;1;СТО
567;Зерновые гречневая Мистраль Фермерская 900г Россия;112руб;ОАО Мозаика;Зерновые;3;ТУ
568;Макаронные изделия Dalla Costa №8 Wellness Life Style Маккерони из рисовой муки (без глютена) 250 г Италия;249руб;ОАО Мозаика;Бакалея;4;ТУ
569;Кускус «Премиум», «Мистраль», 450 г, Россия;145руб;ООО Зигмаг;Бакалея;5;ГОСТ
570;Кофе растворимый Carte Noire 190 г стекло Россия;998руб;ЛиттлБиг;Напитки;3;ГОСТ
571;Чай гречишный, Nature's Own Factory, 100 г, Китай;748руб;Вкус;Бакалея;3;ГОСТ
572;Чай черный Twinings Английский завтрак, 25х2 г Великобритания;198руб;Вкус;Бакалея;3;СТО
573;Чай зеленый Newby Цветок Жасмина Newby Teas 25 х 2 г Индия;431руб;Вкус;Бакалея;4;СТО
574;Чай травяной «Ромашка» пакетированный, «Просто Азбука», 12х2 г, Россия;243руб;ОАО Мозаика;Бакалея;1;ТУ
575;Чай зеленый Origami Tea Матча 50г Россия;489руб;Вкус;Бакалея;1;ТУ
576;"Кофе молотый Lavazza ""Qualita Oro"" 250 г Италия";598руб;24 попугая;Напитки;5;ТУ
577;"Чай черный Taylors of Harrogate ""Английский завтрак"" 125г";995руб;Вкус;Бакалея;4;СТО
578;Чай зеленый «Молочный улун», «Просто Азбука», 20х2 г, Россия;352руб;Питерские крыши;Бакалея;4;ГОСТ
579;Чай черный «Цейлон», Dammann, 100 г, Франция;1 065руб;24 попугая;Бакалея;2;ГОСТ
580;Чай черный Newby Цейлон Newby Teas 25 х 2 г Великобритания;421руб;ООО Зигмаг;Бакалея;5;ГОСТ
581;Кофе молотый «Эспрессо», Illy, 250 г, Италия;998руб;24 попугая;Напитки;5;ТУ
582;Чай зеленый с жасмином, «Просто Азбука», 100 г, Россия;357руб;ЛиттлБиг;Бакалея;2;ГОСТ
583;"Кофе в зернах Lavazza ""Qualita Oro"" 1 кг Италия";1 923руб;Вкус;Напитки;5;ГОСТ
584;Чай черный Greenfield Голден Цейлон 100штх2г пакетированный Россия;330руб;Вкус;Бакалея;5;ГОСТ
585;Чай черный Twinings Lady Grey 25х2 г Китай;198руб;Питерские крыши;Бакалея;3;ТУ
586;Чай черный Newby Earl Grey Newby Teas 25 х 2 г Индия;431руб;Король Джунглей;Бакалея;3;ТУ
587;"Кофе в зернах ""Баварский шоколад"" Россия";358руб;Вкус;Напитки;2;СТО
588;Чай черный  Teapigs Крепкий Эрл Грей Teapigs. ltd. 15 x 2.5 г Великобритания;599руб;Питерские крыши;Бакалея;3;ГОСТ
589;Кофе в зернах Bella Crema Speciale, MELITTA, 1 кг, Германия;1 673руб;ООО Зигмаг;Напитки;2;ТУ
590;Чай черный Althaus с бергамотом 20х1.8 г Германия;429руб;ЛиттлБиг;Бакалея;2;СТО
591;"Чай черный Taylors of Harrogate ""Граф Грей"" 125г";995руб;Питерские крыши;Бакалея;1;ГОСТ
592;Какао-порошок, «Золотой ярлык», 100 г;98руб;Питерские крыши;Деликатесы;5;СТО
593;Чай зеленый «Молочный улун», «Просто Азбука», 100 г, Россия;312руб;24 попугая;Бакалея;4;ГОСТ
594;"Кофе в зернах ""Французская ваниль""";358руб;Король Джунглей;Напитки;4;ТУ
595;Чай черный Earl Grey в муслиновых пакетах, Dammann, 48 г;998руб;ОАО Мозаика;Бакалея;1;ТУ
596;Чай черный Clipper Органик Английский завтрак , 20 x 3.12 г Великобритания;274руб;24 попугая;Бакалея;4;ГОСТ
597;Чай черный с бергамотом, «Просто Азбука», 100 г, Россия;215руб;Король Джунглей;Бакалея;5;ГОСТ
598;"Чай травяной Newby ""Ромашка"" 25х1,8 г Великобритания";421руб;ЛиттлБиг;Бакалея;5;ГОСТ
599;Шоколад питьевой Clipper Amia Foods ltd 250 г Великобритания;440руб;Вкус;Деликатесы;4;ГОСТ
600;Какао порошок Alce Nero БИО 75г;398руб;Вкус;Деликатесы;4;СТО
601;Чай зеленый с чабрецом, «Просто Азбука», 20х2 г, Россия;285руб;Питерские крыши;Бакалея;3;СТО
602;Чай черный Ahmad Tea Английский завтрак, 100х2 г;386руб;ОАО Мозаика;Бакалея;1;СТО
603;"Кофе молотый Mehmet Efendi ""По-турецки"" 250г";811руб;ЛиттлБиг;Напитки;4;ТУ
604;Кофе Carte Noire растворимый 95 г стекло Россия;644руб;24 попугая;Напитки;5;СТО
605;Чай черный цейлонский, «Просто Азбука», 100 г, Россия;193руб;ООО Зигмаг;Бакалея;2;СТО
606;Чай Nature's Own Factory Гречишный 10шт*3г пакетированный Китай;298руб;Питерские крыши;Бакалея;3;ТУ
607;Чай черный Dammann Ceylon 48г в муслиновых пакетах;998руб;Питерские крыши;Бакалея;3;ГОСТ
608;Набор «Мед и чай таежный. Алтайская гармония», «Сердце Алтая» 89 г, Россия;526руб;Король Джунглей;Бакалея;3;СТО
609;Кофейная смесь в зернах «Эспрессо по-итальянски», «Просто Азбука», 1 кг, Россия;1 890руб;Король Джунглей;Напитки;3;СТО
610;"Какао Nestle ""Несквик"" 250 г Россия";156руб;Король Джунглей;Деликатесы;5;ГОСТ
611;Лавровый лист Волшебное дерево 10 г Россия;73руб;ОАО Мозаика;Бакалея;4;ГОСТ
612;"Чай травяной Newby ""Мята перечная"" 25х2 г Великобритания";431руб;ЛиттлБиг;Бакалея;4;СТО
613;Приправа Kotanyi томаты и чеснок 20г пакет Австрия;53руб;Питерские крыши;Бакалея;2;ГОСТ
614;Приправа Santa Maria для глинтвейна 37 г пакет Эстония;107руб;ЛиттлБиг;Бакалея;3;ТУ
615;Смесь специй для глинтвейна, ALVO, 40 г, Литва;121руб;Питерские крыши;Бакалея;4;СТО
616;Перец черный горошек Kotanyi 20г пакет Австрия;53руб;Вкус;Бакалея;3;ГОСТ
617;Укроп сушеный Волшебное дерево 10 г Россия;59руб;ЛиттлБиг;Бакалея;4;ТУ
618;Лавровый лист Перчес 10г Россия;8руб;Король Джунглей;Бакалея;5;СТО
619;Чеснок гранулированный Kotanyi 48г мельница Австрия;215руб;Питерские крыши;Бакалея;1;ТУ
620;Приправа Vegeta универсальная Podravka d.d. 125 г Хорватия;98руб;ООО Зигмаг;Бакалея;4;СТО
621;Мускатный орех молотый Волшебное дерево 15 г Россия;92руб;Вкус;Бакалея;1;ТУ
622;Корица (трубочки) Волшебное дерево 20 г Россия;97руб;Питерские крыши;Бакалея;2;ГОСТ
623;Перец душистый горошком Kotanyi 15г пакет Австрия;53руб;Вкус;Бакалея;5;СТО
624;Приправа Kotanyi томаты и оливки 20г пакет Австрия;53руб;ООО Зигмаг;Бакалея;4;ГОСТ
625;Хмели-сунели Волшебное дерево 30 г Россия;75руб;Король Джунглей;Бакалея;4;ГОСТ
626;Корица молотая Cannamela 25г Италия;156руб;ЛиттлБиг;Бакалея;3;СТО
627;Имбирь молотый Волшебное дерево 20 г Россия;53руб;24 попугая;Бакалея;3;ТУ
628;Ваниль бурбонская Kotanyi 3 г Австрия;349руб;Король Джунглей;Бакалея;2;ТУ
629;Смесь специй Волшебное дерево для плова по-восточному 30 г Россия;75руб;ЛиттлБиг;Бакалея;3;СТО
630;Корица молотая Kotanyi 25г пакет Австрия;53руб;Питерские крыши;Бакалея;5;ТУ
631;Перец душистый целый Просто Азбука 30 г Россия;146руб;ОАО Мозаика;Бакалея;1;СТО
632;Гвоздика целая Волшебное дерево 15 г Россия;124руб;ООО Зигмаг;Бакалея;4;ГОСТ
633;Приправа Волшебное дерево для курицы с морской солью 30г пакет Россия;61руб;Король Джунглей;Бакалея;4;ГОСТ
634;Кунжут Националь 150 г Россия;96руб;ООО Зигмаг;Бакалея;3;ГОСТ
635;Перец черный Kotanyi 36 г мельница Австрия;245руб;Вкус;Бакалея;1;ТУ
636;Шафран Kotanyi 0.12 г Австрия;98руб;Вкус;Бакалея;1;ГОСТ
637;Паприка сладкая Cannamela 25 г стекло Италия;193руб;24 попугая;Бакалея;3;ГОСТ
638;Приправа Волшебное дерево Овощная для супов, борщей, вторых блюд 55г пакет Россия;112руб;Питерские крыши;Бакалея;2;ГОСТ
639;Корица молотая Волшебное дерево 20 г Россия;53руб;Вкус;Бакалея;3;СТО
640;Куркума молотая Волшебное дерево 20 г Россия;73руб;24 попугая;Бакалея;2;ГОСТ
641;Корица молотая Kotanyi 37 г Австрия;109руб;24 попугая;Бакалея;2;ТУ
642;Карри Волшебное дерево 30г пакет Россия;75руб;ЛиттлБиг;Бакалея;3;ТУ
643;Смесь специй Волшебное дерево для рыбы 30 г Россия;57руб;ООО Зигмаг;Бакалея;2;ТУ
644;Перец черный молотый Santa Maria 16 г пакет Эстония;74руб;ООО Зигмаг;Бакалея;1;ТУ
645;Орегано Волшебное дерево 10 г Россия;59руб;24 попугая;Бакалея;4;ГОСТ
646;Бадьян Домашняя кухня 10 гр пакет Россия;48руб;Король Джунглей;Бакалея;2;СТО
647;Кунжут Домашняя кухня Парфэ 50г Россия;45руб;24 попугая;Бакалея;5;СТО
648;Зира иранская (кумин) Волшебное дерево 20 г Россия;73руб;ЛиттлБиг;Бакалея;1;ТУ
649;Приправа Kotanyi для греческого салата 13г пакет Австрия;45руб;ЛиттлБиг;Бакалея;4;СТО
650;Корица трубочки Cannamela 10г Италия;156руб;ООО Зигмаг;Бакалея;2;ТУ
651;Перец красный острый молотый Просто Азбука 40 г Россия;120руб;24 попугая;Бакалея;2;СТО
652;Розмарин сушеный Волшебное дерево 10г пакет Россия;59руб;Вкус;Бакалея;2;СТО
653;Приправа Королевская коллекция для глинтвейна и грога с можжевеловой ягодой 30г Россия;152руб;24 попугая;Бакалея;4;ГОСТ
654;Выпечка «Круассан французский», Chateau Blanc, 65 г;78руб;Король Джунглей;Деликатесы;5;ТУ
655;Круассан «Премиум», Bridor, 70г, Франция;105руб;Питерские крыши;Деликатесы;2;ГОСТ
656;Выпечка «Пекан с кленовым сиропом», Mette Munk, 85 г, Дания;115руб;24 попугая;Деликатесы;3;СТО
657;Хачапури от шеф-пекаря АВ, 100 г;112руб;Вкус;Деликатесы;3;ТУ
658;Выпечка Круассан сливочный с малиной Vamix NV 70 г;115руб;Питерские крыши;Деликатесы;4;ГОСТ
659;Выпечка Круассан с шоколадной пастой Chateau Blanc 70 г Франция;115руб;Питерские крыши;Деликатесы;3;ТУ
660;Выпечка Мини яблочный терновер Bridor 36 г Россия;49руб;24 попугая;Деликатесы;5;СТО
661;Выпечка Синабон с корицей Mette Munk 130 г;89руб;Король Джунглей;Деликатесы;4;СТО
662;Самса с мясом от шеф-пекаря АВ, 120 г;98руб;24 попугая;Деликатесы;3;ТУ
663;Выпечка Круассан с сыром и ветчиной Gourmand 95 г Бельгия;128руб;Вкус;Деликатесы;2;ГОСТ
664;Выпечка «Круассан» мини, Chateau Blanc, 30 г;35руб;Вкус;Деликатесы;1;ТУ
665;Мини «Латтис» с манго, Bridor, 40 г;49руб;Король Джунглей;Деликатесы;3;СТО
666;Булочка Датская с корицей Mette Munk 80 г Дания;98руб;Вкус;Деликатесы;1;СТО
667;Пирожок карельский с морковью Cristella 75 г  Городской супермаркет Эстония;49руб;Питерские крыши;Деликатесы;5;ТУ
668;Донатс с шоколадной начинкой Vamix NV 67 г Бельгия;97руб;ООО Зигмаг;Деликатесы;5;ТУ
669;Сеточка с яблоком и кремом Vandemoortele 110 г;73руб;ООО Зигмаг;Деликатесы;1;ТУ
670;Бублик ванильный с маком, «Просто Азбука», 2х70 г;68руб;ЛиттлБиг;Хлеб;1;ГОСТ
671;Пирог осетинский с сыром от шеф-пекаря АВ;584руб;Король Джунглей;Деликатесы;3;ТУ
672;Мини «Латтис» с вишней, Bridor, 36 г, Франция;49руб;ОАО Мозаика;Деликатесы;4;СТО
673;Выпечка Австрийский ролл Mlinar d.d. 85 г;46руб;ЛиттлБиг;Деликатесы;1;ТУ
674;Тарталетки Sfoglia Torino из слоеного теста 150 г Италия;263руб;ОАО Мозаика;Деликатесы;4;ТУ
675;Выпечка Круассан с абрикосом Chateau Blanc 70 г Франция;115руб;Король Джунглей;Деликатесы;2;ГОСТ
676;Пирог с капустой от шеф-пекаря АВ;936руб;ООО Зигмаг;Деликатесы;3;ТУ
677;Хичин три сыра от шеф-пекаря АВ, Россия, 330 г;345руб;ООО Зигмаг;Деликатесы;1;ГОСТ
678;Донатс с ванильной начинкой Vamix NV 70 г Бельгия;97руб;Вкус;Деликатесы;5;СТО
679;Тарталетки песочные соленые, Hermes, 100 г;145руб;24 попугая;Деликатесы;3;ГОСТ
680;Выпечка «Завитушка» мини с изюмом, Chateau Blanc, 30 г;46руб;Король Джунглей;Деликатесы;5;ТУ
681;Слойка с кремово-яблочной начинкой IL Pasticcere 75 г Россия;141руб;ЛиттлБиг;Деликатесы;5;ГОСТ
682;Тарталетки Croustella из слоеного теста мини 75 г Франция;173руб;ЛиттлБиг;Деликатесы;3;ГОСТ
683;Хичин с мясом от шеф-пекаря АВ 250 г;279руб;ООО Зигмаг;Деликатесы;3;ГОСТ
684;Плетенка датская с сыром и лимоном Mette Munk 85 г;98руб;Вкус;Деликатесы;4;ГОСТ
685;Выпечка Треугольник с вишней Inter Europol 115 г;98руб;ОАО Мозаика;Деликатесы;2;ГОСТ
686;Выпечка «Слойка со шпинатом и соусом бешамель», Bellsola, 90 г, Испания;89руб;Вкус;Деликатесы;3;СТО
687;Донатс с малиновой начинкой Vamix NV 67 г Бельгия;97руб;ООО Зигмаг;Деликатесы;5;ГОСТ
688;Пирог осетинский с мясом от шеф-пекаря АВ;584руб;24 попугая;Деликатесы;3;СТО
689;Завитушка с кремом и изюмом Vandemoortele 90 г;72руб;ООО Зигмаг;Деликатесы;1;ТУ
690;Кулич Flamigni с сахарной глазурью 1000 г в подар упаковке Италия;3 264руб;Король Джунглей;Деликатесы;1;ГОСТ
691;Торсаде с клюквой, Bridor, 90 г, Россия;98руб;ОАО Мозаика;Деликатесы;2;ТУ
692;Пирог с индейкой и грибами от шеф-пекаря АВ;1 500руб;ЛиттлБиг;Деликатесы;5;ТУ
694;Выпечка триканто четыре сыра Bellsola 100 г Испания;129руб;Король Джунглей;Деликатесы;1;ТУ
695;Сухарики Finn Crisp ржаные 200 г Финляндия;175руб;Питерские крыши;Бакалея;3;ТУ
696;Штрудель творожно-яблочный от шеф-пекаря АВ, 155 г;210руб;Питерские крыши;Деликатесы;1;СТО
697;Сушка «Челночок», «Семейка ОЗБИ», 200 г;37руб;ЛиттлБиг;Бакалея;4;ГОСТ
698;Хлебцы Pain des Fleurs из зеленой чечевицы (без глютена) Ekibio 150 г Франция;398руб;24 попугая;Бакалея;4;ТУ
699;Сухарики ржаные с солью от шеф-пекаря АВ, 120 г;92руб;24 попугая;Бакалея;2;ТУ
700;Баранки с ванилью, «Семейка ОЗБИ», 300 г;62руб;24 попугая;Бакалея;2;СТО
701;"Хлебцы рисовые Ekorigin ""Brown rice cakes"" Cereal Food SRL 130г Италия";82руб;ООО Зигмаг;Хлеб;2;СТО
702;Хлебцы овсяно-пшеничные со смесью семян Dr.Korner 100г Россия;98руб;Вкус;Бакалея;1;ТУ
703;Сухарики Finn Crisp Multigrain многозерновые 175 г Финляндия;175руб;ЛиттлБиг;Бакалея;2;ТУ
704;Хлебцы без глютена мультизлаковые, Pain des fleurs, 150 г, Франция;358руб;Король Джунглей;Бакалея;1;СТО
705;Сухари Просто Азбука ванильные 300 г Россия;84руб;ЛиттлБиг;Бакалея;5;ГОСТ
706;Сушка-мини простые, «Семейка ОЗБИ», 150 г;48руб;ЛиттлБиг;Бакалея;1;СТО
707;Хлебцы Dr.Korner гречневые с витаминами 100г Россия;67руб;Питерские крыши;Бакалея;2;СТО
708;Сушка «Малышка» ванильная, «Хлебный Дом», 400 г;108руб;Питерские крыши;Бакалея;2;СТО
709;Сухари Просто Азбука Сахарные с изюмом 300 г Россия;84руб;ЛиттлБиг;Бакалея;2;СТО
710;Сухарики ржаные с чесноком, «Просто Азбука», 120 г;92руб;Король Джунглей;Бакалея;4;СТО
711;Баранки сдобные, «Семейка ОЗБИ», 300 г, Россия;62руб;Питерские крыши;Бакалея;5;СТО
712;Хлебцы Dr.Korner рисовые с молочным шоколадом 67 г Нидерланды;113руб;Вкус;Хлеб;5;СТО
713;"Сушка Хлебный Дом ""Малышка"" маковая 400г";119руб;ООО Зигмаг;Бакалея;2;ТУ
714;Хлебцы диетические из гречневой муки без соли Pain des fleurs 150 г Франция;498руб;Питерские крыши;Бакалея;5;ТУ
715;Сухари Просто Азбука из Белевской пастилы с черникой 55 г Россия;120руб;ЛиттлБиг;Бакалея;3;ТУ
716;Сухари классические с изюмом с отделкой сахаром, «Семейка ОЗБИ», 300 г;78руб;ЛиттлБиг;Бакалея;5;СТО
717;Хлебные палочки с оливковым маслом без глютена, Le Veneziane, 250 г, Италия;371руб;Питерские крыши;Бакалея;5;ТУ
718;Хлебцы Benlian Foods рисовые без глютена с оливковым маслом и куркумой 50г Республика Сербия;69руб;Король Джунглей;Хлеб;5;СТО
719;Хлебцы Злаковый коктейль клюквенный Dr.Korner 100 г Россия;67руб;ОАО Мозаика;Бакалея;2;ГОСТ
720;Хлебные палочки «Гриссини» с кунжутом, OSTERIA ITALIA, 120 г, Италия;254руб;Король Джунглей;Бакалея;3;СТО
721;"Сухари Просто Азбука из Белевской пастилы классической ООО""Белевская пастила"" 55г Россия";120руб;ЛиттлБиг;Бакалея;4;СТО
722;Сушка-мини с солью, «Семейка ОЗБИ», 150 г;45руб;Король Джунглей;Бакалея;5;ТУ
723;Хлебцы Benlian Foods рисовые без глютена с оливковым маслом и томатом  50г Республика Сербия;69руб;ЛиттлБиг;Хлеб;5;ГОСТ
724;Соломка Lorenz классическая соленая 150 г Польша;59руб;ЛиттлБиг;Бакалея;5;СТО
725;Хлебные палочки Marini Grissini классические, 100 г Италия;98руб;Король Джунглей;Бакалея;5;СТО
726;Сухарики «Темная рожь», Fazer, 215 г;198руб;Король Джунглей;Бакалея;5;ТУ
727;Хлебцы Take a Bite рисово-гречневые (без глютена) 150г Россия;139руб;Вкус;Бакалея;1;СТО
728;Сушка-мини Семейка ОЗБИ с маком 150г;46руб;24 попугая;Бакалея;3;ТУ
729;Хлебцы диетические из киноа, Pain des fleurs, 150 г, Франция;435руб;24 попугая;Бакалея;4;СТО
730;"Сухари Просто Азбука из Белевской пастилы с брусникой ООО""Белевская пастила"" 55г Россия";120руб;Король Джунглей;Деликатесы;1;СТО
731;Крендельки Saltletts Precle соленые, Lorenz, 150 г, Польша;59руб;24 попугая;Бакалея;4;ГОСТ
732;Хлебцы Take a Bite рисовые с морковью и томатом (без глютена) 150г Россия;139руб;24 попугая;Бакалея;2;ГОСТ
733;Хлебные палочки «Гриссини с оливками», OSTERIA ITALIA, 120 г, Италия;259руб;24 попугая;Бакалея;5;ГОСТ
734;Хлебцы кукурузные Tovago 80 г Польша;172руб;ООО Зигмаг;Бакалея;4;ТУ
735;Галеты Nordic из овса с фруктами 30 г Финляндия;41руб;ОАО Мозаика;Бакалея;5;ГОСТ
736;Сухарики с чесноком, «Рижский хлеб», 100 г, Россия;79руб;Вкус;Бакалея;4;ТУ
737;Хлебцы Take a Bite гречневые (без глютена) 150г Россия;139руб;ООО Зигмаг;Бакалея;4;ГОСТ
738;Батон «Андреевский» нарезанный, «Просто Азбука», 300 г;45руб;24 попугая;Хлеб;4;ГОСТ
739;Хлеб Био ржаной Strock Brot GmbН 484 г Австрия;498руб;ООО Зигмаг;Хлеб;5;ТУ
740;Чиабатта от шеф-пекаря АВ 250 г;115руб;Король Джунглей;Зерновые;4;ТУ
741;Булочка без муки со злаками Inter Europol 80 г Польша;129руб;ООО Зигмаг;Хлеб;2;ГОСТ
742;Хлеб «Бородино» нарезанный, «Просто Азбука», 400 г;79руб;Король Джунглей;Хлеб;1;ТУ
743;Половинка багета Organic Planete Pain 120 г Франция;98руб;ООО Зигмаг;Хлеб;3;ТУ
744;Хлеб Финский злаковый Eesti Pagar 70 г;68руб;Вкус;Хлеб;5;ГОСТ
745;Хлеб Пшеничный по-домашнему от шеф-пекаря АВ 400 г;98руб;ЛиттлБиг;Хлеб;4;ГОСТ
746;Хлеб для тостов пшеничный, «Просто Азбука», 300 г;159руб;ЛиттлБиг;Хлеб;1;ГОСТ
747;Булочка Planete Pain французская белая 55 г Франция;39руб;Питерские крыши;Хлеб;1;ГОСТ
748;Багет деревенский от шеф-пекаря АВ 400 г;179руб;Питерские крыши;Хлеб;1;ГОСТ
749;Хлеб «Бездрожжевой» нарезанный, «Просто Азбука», 650 г;187руб;Вкус;Хлеб;5;ГОСТ
750;Хлеб Бездрожжевой от шеф-пекаря АВ 650 г Городской cупермаркет;198руб;ОАО Мозаика;Хлеб;5;ТУ
751;Хлеб «6 злаков» нарезанный, «Просто Азбука», 400 г;127руб;ЛиттлБиг;Хлеб;2;ГОСТ
752;Булочка картофельная Inter Europol 80 г;32руб;ОАО Мозаика;Хлеб;2;СТО
753;Хлеб Таллинский черный заварной с семенами Eesti Pagar 310 г AS Eesti Pagar Эстония;122руб;Питерские крыши;Хлеб;5;ГОСТ
754;Багет чесночный АВ Пекарня 170г;98руб;ЛиттлБиг;Хлеб;3;ТУ
755;Чиабатта мини с оливками от шеф-пекаря АВ 90 г;124руб;24 попугая;Хлеб;4;ГОСТ
756;Хлеб «Кефирный», «Просто Азбука», 350 г;79руб;Вкус;Хлеб;1;СТО
757;Хлеб Альтамура из твердых сортов пшеницы от шеф-пекаря АВ, 400 г;169руб;24 попугая;Хлеб;1;ТУ
758;Хлеб финский с морковью и семенами подсолнечника Eesti Pagar 70 г;58руб;24 попугая;Хлеб;2;ТУ
759;Хлеб цельнозерновой Delba 250 г Delba Backbetrieb GmbH Германия;170руб;Вкус;Хлеб;1;ТУ
760;Чиабатта Молино Грасси от шеф-пекаря АВ 300 г;168руб;ООО Зигмаг;Хлеб;4;ТУ
761;Хлеб для тостов с отрубями, «Просто Азбука», 300 г;159руб;Король Джунглей;Хлеб;1;ТУ
762;Чиабатта темная рустик от шеф-пекаря АВ;92руб;Вкус;Хлеб;3;СТО
763;Булочка традиционная мультизлаковая Panelux S.A. 80г Люксембург;69руб;ЛиттлБиг;Хлеб;3;ГОСТ
764;Хлеб Финский ржано-пшеничный Eesti Pagar 55 г Эстония;62руб;24 попугая;Хлеб;4;СТО
765;Хлеб половинка бездрожжевой, «Просто Азбука», 330 г;95руб;Король Джунглей;Хлеб;4;СТО
766;Бретцель ролл Ditsch 70г;65руб;ООО Зигмаг;Хлеб;2;СТО
767;Багет мини пшеничный от шеф-пекаря АВ, 150 г;29руб;Вкус;Хлеб;2;ТУ
768;Чиабатта Bellsola 95 г Испания;98руб;ООО Зигмаг;Хлеб;4;ТУ
769;Хлеб с оливками и травами от шеф-пекаря АВ Городской cупермаркет;114руб;Вкус;Хлеб;1;СТО
770;Хлеб половинка «Мюнхенский», «Просто Азбука», 250 г;58руб;ООО Зигмаг;Хлеб;2;СТО
771;"Булочка каталонская рустик ""5 колосьев"" Bellsola 85 г";49руб;ООО Зигмаг;Хлеб;1;СТО
772;Батон нарезной Коломенское 400г ЗАО БКК «Коломенский» нарезка Россия;38руб;ОАО Мозаика;Хлеб;1;СТО
773;Батон «Андреевский», «Просто Азбука», 300 г;42руб;ОАО Мозаика;Хлеб;2;ГОСТ
774;Хлеб «Бородинский» пряный от шеф-пекаря АВ, 350 г;98руб;ЛиттлБиг;Хлеб;5;ТУ
775;Булочка традиционная с зернами подсолнуха Panelux S.A. 80г Люксембург;69руб;ОАО Мозаика;Хлеб;2;СТО
776;Багет Бургундский от шеф-пекаря АВ 130г;57руб;Питерские крыши;Хлеб;4;ТУ
777;Хлеб Бородинский Коломенское 400г  нарезка;41руб;ОАО Мозаика;Хлеб;3;ГОСТ
778;Рогалики пшеничные от шеф-пекаря АВ, 3 шт. х 60 г, Россия;79руб;ОАО Мозаика;Бакалея;5;ГОСТ
779;"Пастила Ударница ""Шармель"" ванильная 221г";106руб;Вкус;Деликатесы;2;СТО
780;Чиабатта Bellsola 330 г;210руб;Вкус;Хлеб;4;ГОСТ
781;"Мармелад Ударница ""Мармеландия"" дольки в ассортименте (апельсин, лимон, грейпфрут) 330г";166руб;ОАО Мозаика;Деликатесы;1;ГОСТ
782;Халва в шоколаде Рот Фронт 340 г Россия;177руб;24 попугая;Деликатесы;3;СТО
783;"Смоква Наша Ферма яблочная ООО ""Белевская пастила"" 50г Россия";98руб;ОАО Мозаика;Деликатесы;4;ГОСТ
784;Зефирчики Ударница в шоколаде 120 г Россия;156руб;Питерские крыши;Деликатесы;4;СТО
785;Чурчхела «Наша Ферма» с грецким орехом «Ассорти»: гранатовая, виноградная, из белого винограда, 135 г Россия;370руб;ЛиттлБиг;Деликатесы;1;СТО
786;Мармелад «Фруктовый микс», Luhders, 200 г, Германия;299руб;Король Джунглей;Деликатесы;1;ТУ
787;"Пастила Ударница ""Шармель"" клюквенная 221г";106руб;ОАО Мозаика;Деликатесы;1;СТО
788;Чурчхела Наша Ферма с грецким орехом гранатовая ТД НАТ ВИНОГРАД 135 г Россия;370руб;ООО Зигмаг;Деликатесы;5;ГОСТ
789;"Зефир Ударница ""Шармель"" ванильный 255г";114руб;ООО Зигмаг;Деликатесы;1;СТО
790;"Смоква Наша Ферма сливовая ООО ""Белевская пастила"" 50г Россия";98руб;Вкус;Деликатесы;5;ГОСТ
791;Мармелад «Дольки апельсиновые и лимонные», Luhders, 175 г, Германия;299руб;ООО Зигмаг;Деликатесы;3;ГОСТ
792;Пирожное Медвежонок Барни бисквитное с шоколадным вкусом 150г Россия;110руб;ЛиттлБиг;Деликатесы;2;ТУ
793;Халва Подсолнечная Азовская Кондитерская Фабрика Россия;21руб;ЛиттлБиг;Деликатесы;4;ТУ
794;"Мармелад Ударница ""Мармеландия"" лимонные дольки 250г";125руб;Король Джунглей;Деликатесы;3;ТУ
795;Помадка сливочная с цукатами Красный Октябрь 250 г Россия;164руб;ООО Зигмаг;Деликатесы;5;СТО
796;"Пастила Белевская пастила яблочная классическое ""Белевские Сладости"" ООО 350Г Россия";324руб;ООО Зигмаг;Деликатесы;2;ГОСТ
797;Мармелад Haribo HARIBO GOLDBARE жевательный 140 г Венгрия;106руб;Питерские крыши;Деликатесы;1;СТО
798;"Зефир Ударница ""Шармель"" классический в шоколаде 250 г Россия";233руб;24 попугая;Деликатесы;2;ГОСТ
799;Мармелад Fazer Green Jellies 500 г;629руб;ЛиттлБиг;Деликатесы;5;ТУ
800;"Пирожное ""Мишка Барни"" Большевик 150 г Россия";110руб;24 попугая;Деликатесы;1;ГОСТ
801;Батончик Bite Иммунитет Клюква-тыквенные семечки 45 г Россия;98руб;ЛиттлБиг;Зерновые;4;СТО
802;Печенье протеиновое Quest Protein Cookie Имбирное 59г США;259руб;ООО Зигмаг;Зерновые;3;СТО
803;Зефир Haribo CHAMALLOWS со вкусом ванили 100г Бельгия;76руб;Питерские крыши;Деликатесы;5;ТУ
804;Батончик фруктово-ореховый Bite Detox Абрикос-Миндаль 45 г Россия;98руб;Питерские крыши;Зерновые;2;ТУ
805;Пирожное Choco-Pie в шоколадной глазури 336г;165руб;Король Джунглей;Деликатесы;3;ТУ
806;"Зефир Ударница ""Шармель"" в шоколаде с ароматом пломбира 250г";233руб;24 попугая;Деликатесы;3;СТО
807;Печенье протеиновое Quest Protein Cookie Шоколад 59г США;259руб;ОАО Мозаика;Зерновые;5;СТО
808;Мармелад «Манго с мякотью», 175 г, Luhders;299руб;ООО Зигмаг;Деликатесы;2;СТО
809;Батончик злаковый Corny с шоколадом Schwartau 50 г Германия;53руб;Питерские крыши;Зерновые;5;ТУ
810;Мармелад Клубника Царский Вкус 180 г;269руб;Питерские крыши;Деликатесы;1;ТУ
811;"Зефир Ударница ""Шармель"" со вкусом крем-брюле 255г";114руб;ООО Зигмаг;Деликатесы;2;СТО
812;Батончик протеиновый О12 вафельный Клубника-Йогурт 65г Россия;145руб;24 попугая;Зерновые;4;ТУ
813;Батончик злаковый с арахисом, Corny, 50 г, Германия;56руб;ОАО Мозаика;Зерновые;2;ГОСТ
814;Батончик протеиновый Bombbar Тирамису 60 г Россия;138руб;Питерские крыши;Зерновые;3;ТУ
815;Зефир Ударница Шармель ванильный 85 г;58руб;Король Джунглей;Деликатесы;1;СТО
816;Батончик фруктово-ореховый Bite Love Вишня-Миндаль 45 г Россия;98руб;ЛиттлБиг;Зерновые;4;ГОСТ
817;Чак-чак, «Просто Азбука», 250 г, Россия;151руб;Питерские крыши;Деликатесы;5;ГОСТ
818;Батончик протеиновый Quest Bar Birthday Cake Праздничный торт 60г США;268руб;ОАО Мозаика;Зерновые;4;СТО
819;Батончик протеиновый О12 вафельный Арахис-Молочный Шоколад 65г Россия;145руб;ЛиттлБиг;Зерновые;3;СТО
820;"Мармелад Наша Ферма ""Царский"" яблоко-корица 250г Россия";238руб;Вкус;Деликатесы;1;ГОСТ
821;Шоколадные батончики Kinder, Ferrero, 100 г, Россия;114руб;ООО Зигмаг;Деликатесы;2;ТУ
822;Батончик фруктовый Bite Slim Unicorn Малина 30 г Россия;68руб;Король Джунглей;Зерновые;3;ГОСТ
823;Шоколад «Экселланс» 85% какао, Lindt 100 г, Франция;233руб;ЛиттлБиг;Деликатесы;1;СТО
824;Шоколад, «Аленка», 100 г;86руб;24 попугая;Деликатесы;2;СТО
825;Шоколад «Слава» горький пористый, «Красный Октябрь», 75 г, Россия;98руб;Король Джунглей;Деликатесы;5;СТО
826;"Шоколад ""Вдохновение"" 100 г Россия";113руб;ЛиттлБиг;Деликатесы;1;СТО
827;Шоколад «Экселланс. Апельсин в черном шоколаде», Lindt, 100 г, Швейцария;233руб;Питерские крыши;Деликатесы;5;ТУ
828;Шоколад Maestrani горький 72% какао 80 г Швейцария;388руб;ООО Зигмаг;Деликатесы;1;СТО
829;Шоколадное яйцо «Киндер Сюрприз», Ferrero, Россия;107руб;ЛиттлБиг;Деликатесы;3;СТО
830;"Шоколад ""Элитный"" 100 г Россия";93руб;ОАО Мозаика;Деликатесы;4;ТУ
831;"Шоколадный батончик ""Киндер"" молочный со злаками 24 г Италия";47руб;Питерские крыши;Деликатесы;2;ТУ
832;"Шоколад Lindt ""Голд"" молочный с орехом и изюмом 300 г Швейцария";731руб;Питерские крыши;Деликатесы;5;ТУ
833;Шоколад горький Exellence «Клубника», Lindt, 100 г, Германия;233руб;Король Джунглей;Деликатесы;3;ГОСТ
834;Шоколадный батончик «Киндер Буэно», Ferrero, 43 г, Польша;65руб;ОАО Мозаика;Деликатесы;2;ГОСТ
835;Шоколад Тоблерон молочный с медом и нугой 100 г Швейцария;209руб;Вкус;Деликатесы;1;ТУ
836;"Шоколадное яйцо ""Киндер Сюрприз"" для девочек 20г";107руб;ООО Зигмаг;Деликатесы;3;ГОСТ
837;Шоколад Milka молочный 100 г Россия;109руб;Вкус;Деликатесы;3;СТО
838;Шоколад Chocolate and Love Апельсиновая мантра 65% какао Organic Chocolate and Love Ltd 80 г Великобритания;326руб;Король Джунглей;Деликатесы;3;ГОСТ
839;Шоколад «Голд» молочный с орехом, Lindt, 300 г, Швейцария;731руб;Питерские крыши;Деликатесы;2;СТО
840;Шоколадное яйцо Joy, Kinder, 20 г, Польша;134руб;Питерские крыши;Деликатесы;5;ГОСТ
841;Шоколад Guylian молочный без сахара 100 г Бельгия;265руб;Король Джунглей;Деликатесы;3;ТУ
842;"Шоколадный батончик ""Milky Way"" 26 г Россия";25руб;ООО Зигмаг;Деликатесы;5;СТО
843;Шоколадный шар Чупа-Чупс 21 г Россия;69руб;ООО Зигмаг;Деликатесы;3;СТО
844;Шоколад Lindt белый ванильный 100 г Германия;233руб;Король Джунглей;Деликатесы;5;ТУ
845;Шоколад Риттер Спорт молочный с кокосом 100 г Германия;115руб;ОАО Мозаика;Деликатесы;4;ГОСТ
846;"Шоколад ""Вдохновение"" элитный 75% какао с миндалем 100г";113руб;24 попугая;Деликатесы;1;ТУ
847;"Шоколадный батончик ""Сникерс Супер"" 100 г Россия";63руб;Питерские крыши;Деликатесы;4;СТО
848;Шоколад Lindt Excellence Карамель с солью 100 г Швейцария;233руб;24 попугая;Деликатесы;1;СТО
849;Шоколад Les Grandes Темный с лесным орехом 150г Швейцария;498руб;ЛиттлБиг;Деликатесы;5;ГОСТ
850;"Шоколад Lindt ""Экселланс"" 70% какао 100 г Франция";233руб;ОАО Мозаика;Деликатесы;4;ГОСТ
851;Шоколадный батончик Nestle Nuts с целым лесным орехом 50г Россия;43руб;Король Джунглей;Деликатесы;5;ГОСТ
852;Шоколадный батончик Сникерс, 50,5 г Россия;41руб;24 попугая;Деликатесы;5;СТО
853;Шоколад веганский  Mojo cacao 43,5% Moccachino 80г Россия;498руб;Питерские крыши;Деликатесы;1;ГОСТ
854;Шоколад Milka Bubbles молочный пористый 80 г  Россия;109руб;ОАО Мозаика;Деликатесы;1;ГОСТ
855;"Шоколад Lindt ""Голд"" молочный 300 г Швейцария";731руб;ООО Зигмаг;Деликатесы;5;ГОСТ
856;Шоколад молочный Villars с миндалем и печеньем 180 г Швейцария;564руб;Питерские крыши;Деликатесы;4;СТО
857;"Шоколадный батончик ""Баунти"" 57 г Россия";41руб;24 попугая;Деликатесы;5;ГОСТ
858;Шоколад горький веганский  Mojo cacao 72% с ореховой пастой Фундук 65г Россия;398руб;ЛиттлБиг;Деликатесы;5;ГОСТ
859;Шоколад Риттер Спорт молочный с цельным миндалем 100 г Германия;127руб;ООО Зигмаг;Деликатесы;4;СТО
860;Шоколад веганский  Mojo cacao 54% Popcorn с воздушным соленым попкорном 80г Россия;498руб;ООО Зигмаг;Деликатесы;1;ТУ
861;Шоколад Excellence с солью, Lindt, 100 г, Швейцария;233руб;24 попугая;Деликатесы;1;ГОСТ
862;Шоколад «Lindt Голд черный с апельсином и миндалем», 300 г, Швейцария;731руб;Король Джунглей;Деликатесы;5;СТО
863;Шоколад горький веганский Mojo cacao 72% с ореховой пастой  Арахис-Солёный кранч 65г Россия;398руб;Король Джунглей;Деликатесы;2;ТУ
864;Морс клюквенный, «Просто Азбука», 1 л, Россия;192руб;ОАО Мозаика;Напитки;5;СТО
865;Сок яблочный осветленный с 4 месяцев, «ФрутоНяня», 200 мл, Россия;28руб;Питерские крыши;Напитки;3;ГОСТ
866;Сок Rich Зеленое яблоко, 1 л Россия;140руб;Вкус;Напитки;5;ТУ
867;Морс брусничный, «Просто Азбука», 1 л, Россия;192руб;ООО Зигмаг;Напитки;1;СТО
868;Сок Rich апельсиновый 1 л Россия;140руб;Король Джунглей;Напитки;4;СТО
869;Морс черничный, «Просто Азбука», 1 л, Россия;172руб;ООО Зигмаг;Напитки;4;ГОСТ
870;Сок ФрутоНяня яблочный прямого отжима с 4 месяцев 200г Россия;28руб;24 попугая;Напитки;4;ТУ
871;Сок яблочный с 4 месяцев, Fleur Alpine, 200 г, Нидерланды;96руб;ЛиттлБиг;Напитки;3;СТО
872;Сок яблочный, Pago, 0.2 л, Россия;56руб;Король Джунглей;Напитки;5;ТУ
873;Морс «Чудо-ягода» Брусника, 0,97 л Россия;195руб;ООО Зигмаг;Напитки;2;ТУ
874;Морс из черной смородины, «Просто Азбука», 1 л, Россия;172руб;ЛиттлБиг;Напитки;4;СТО
875;Напиток детский ФрутоНяня яблоко, ромашка, липа с 6 месяцев 200г Россия;28руб;Король Джунглей;Напитки;1;ТУ
876;"Морс Чудо-ягода ""Ягодный сбор"" 0.97 л Россия";195руб;24 попугая;Напитки;1;ТУ
877;"Морс Чудо-ягода ""Клюква"" 0.97 л Россия";195руб;Вкус;Напитки;2;ГОСТ
878;Морс из ягод брусники, клюквы и клубники, «Просто Азбука», 1 л, Россия;192руб;ООО Зигмаг;Напитки;3;ГОСТ
879;Сок ФрутоНяня мультифруктовый с 6 месяцев 200 мл Россия;28руб;Питерские крыши;Напитки;2;СТО
880;Сок «Апельсин», Pago, 0.2 л, Россия;56руб;Питерские крыши;Напитки;1;ГОСТ
881;Нектар «Персик», Pago, 0.2 л, Россия;56руб;Вкус;Напитки;1;ТУ
882;Морс из ягод облепихи, «Просто Азбука», 1 л, Россия;172руб;Питерские крыши;Напитки;1;ГОСТ
883;Сок грушевый осветленный с 4 месяцев, «ФрутоНяня», 200 мл, Россия;28руб;Король Джунглей;Напитки;1;ГОСТ
884;Сок яблочный осветленный, Granini, 0.25 л, Франция;140руб;Вкус;Напитки;1;ГОСТ
885;Сок Сады Придонья яблоко, виноград с 6 месяцев 200мл тетрапак Россия;20руб;ООО Зигмаг;Напитки;2;ТУ
886;Сок прямого отжима апельсиновый, «Просто Азбука», 0.5 л;398руб;24 попугая;Напитки;1;ТУ
887;Кокосовая вода COCOyoyo 0,33л Tetra prizma Вьетнам;157руб;ООО Зигмаг;Напитки;1;СТО
888;Сок гранатовый восстановленный, «Просто Азбука», 1 л, Россия;268руб;Король Джунглей;Напитки;4;СТО
889;Сок томатный, Pago, 0.2 л, Россия;56руб;Король Джунглей;Напитки;1;ГОСТ
890;"Напиток сокосодержащий Santal ""Красный сицилийский апельсин"" 1 л Россия";105руб;Вкус;Напитки;5;ГОСТ
891;Томатный продукт, Tomato Gusto, 0.25 л, Россия;74руб;24 попугая;Напитки;3;ТУ
892;Сок Natur Pur виноградный прямого отжима 0.75л стеклянная бутылка Германия;269руб;Питерские крыши;Напитки;1;СТО
893;Напиток «Шиповник», «Просто Азбука», 1 л, Армения;156руб;ООО Зигмаг;Напитки;4;ТУ
894;Сок Gerber яблоко, груша с 4 месяцев 175г Польша;98руб;24 попугая;Напитки;3;СТО
895;Сок ФрутоНяня яблоко шиповник осветленный 200мл Россия;28руб;ЛиттлБиг;Напитки;1;СТО
896;Сок Сады Придонья яблочный прямого отжима с 3 месяцев 200мл тетрапак Россия;20руб;Вкус;Напитки;5;ГОСТ
897;Сок яблочный прямого отжима, Natur Pur, 0.75 л, Германия;237руб;ОАО Мозаика;Напитки;4;СТО
898;Морс из черной смородины, «Просто Азбука», 0.25 л, Россия;60руб;ОАО Мозаика;Напитки;2;ТУ
899;Сок апельсиновый с мякотью прямого отжима, innocent, 900 мл, Великобритания;409руб;Король Джунглей;Напитки;1;ГОСТ
900;Сок Сады Придонья яблоко черная смородина с 5 месяцев 200 мл Россия;20руб;24 попугая;Напитки;2;СТО
901;Сок апельсиновый с мякотью, Andros, 1.5 л, Франция;699руб;24 попугая;Напитки;5;СТО
902;Сок томатный прямого отжима, Natur Pur, 0.75 л, Германия;237руб;ЛиттлБиг;Напитки;1;СТО
903;Сок томатный прямого отжима, «Просто Азбука», 0.2 л, Армения;52руб;ЛиттлБиг;Напитки;5;ТУ
904;Сок Сады Придонья яблочный осветленный с 4 месяцев 200мл тетрапак Россия;20руб;ЛиттлБиг;Напитки;4;ТУ
905;Сок Granini томатный 1 л стекло Франция;334руб;ООО Зигмаг;Напитки;4;ГОСТ
